DESCRIPTIVE CENSUS -- NOT A SELECTION,AMC,ARGT,BABA,BITO,BND,COPX,CPER,DBA,DBB,ECH,EIDO,EMB,EPOL,EWA,EWC,EWD,EWG,EWH,EWI,EWJ,EWK,EWL,EWM,EWN,EWP,EWQ,EWS,EWT,EWU,EWW,EWY,EWZ,EZA,F,FXI,GDX,GLDM,GME,HYG,IEF,INDA,IWM,IYT,KWEB,LQD,MSTR,MTUM,NVDA,PDBC,PLTR,QQQ,QUAL,SCHD,SGOV,SHY,SIL,SLV,SMH,SOXL,SOXS,SPLV,SQQQ,THD,TIP,TLT,TMF,TNA,TQQQ,TSLA,TUR,TZA,UNG,UPRO,URA,USMV,USO,UVXY,VEU,VLUE,VNQ,VNQI,VTI,VYM,XBI,XLE,XLB,XLF,XLI,XLK,XLP,XLRE,XLU,XLV,XLY,XME,YANG,YINN
AMC,1.0,0.0,0.0,0.0,0.0,0.0,0.0,0.0,0.0,0.0,0.0,0.0,0.0,0.0,0.0,0.0,0.0,0.0,0.0,0.0,0.0,0.0,0.0,0.0,0.0,0.0,0.0,0.0,0.0,0.0,0.0,0.0,0.0,0.0,0.0,0.0,0.0,0.0,0.0,0.0,0.0,0.0,0.0,0.0,0.0,0.0,0.0,0.0,0.0,0.0,0.0,0.0,,0.0,0.0,0.0,0.0,0.0,0.0,0.0,,0.0,0.0,0.0,0.0,0.0,0.0,0.0,0.0,0.0,0.0,0.0,0.0,0.0,0.0,0.0,0.0,0.0,0.0,0.0,0.0,0.0,0.0,0.0,0.0,0.0,0.0,0.0,0.0,0.0,0.0,0.0,0.0,0.0,0.0,0.0,0.0
ARGT,0.0,1.0,0.0,0.0,0.0,0.0,0.0,0.0,0.0,0.07714146118238041,0.0,0.0,0.0,0.0,0.0,0.0,0.0,0.0,0.0,0.0,0.0,0.0,0.0,0.0,0.0,0.0,0.0,0.0,0.0,0.0,0.0,0.0,0.0,0.0,0.0,0.0,0.0,0.0,0.0,0.0,0.0,0.0,0.0,0.0,0.0,0.0,0.0,0.0,0.0,0.0,0.0,0.0,,0.0,0.0,0.0188867792545218,0.0,0.0,0.0,0.0,,0.0,0.0,0.0,0.0,0.0,0.0,0.0,0.0,0.0,0.0,0.0,0.0,0.0,0.0035934462866302,0.0,0.0,0.0001043079169708,0.0,0.0,0.0,0.0,0.0,0.0,0.0,0.0,0.0,0.0,0.0,0.0,0.0,0.0,0.0,0.0,0.0,0.0,0.0
BABA,0.0,0.0,1.0,0.0,0.0002998051266676,0.0,0.0,0.0,0.0,0.0,0.0,0.0,0.0,0.0,0.0,0.0,0.0,0.0,0.0,0.0,0.0,0.0,0.0,0.0,0.0,0.0,0.0,0.0,0.0,0.0,0.0,0.0,0.0,0.0,0.0,0.0,0.0,0.0,0.0,0.0,0.0,0.0,0.0,0.0,0.0,0.0,0.0,0.0,0.0,0.0,0.0,0.0,,0.0,0.0,0.0,0.0,0.0,0.0,0.0,,0.0,0.0,0.0,0.0,0.0,0.0,0.0,0.0,0.0,0.0,0.0,0.0,0.0,0.0,0.0,0.0,0.0,0.0,0.0,0.0,0.0,0.0,0.0,0.0,0.0,0.0,0.0,0.0,0.0,0.0,0.0,0.0,0.0,0.0,0.0,0.0
BITO,0.0,0.0,0.0,1.0,0.0,0.0,0.0,0.0,0.0,0.0,0.0,0.0,0.0,0.0,0.0,0.0,0.0,0.0,0.0,0.0,0.0,0.0,0.0,0.0,0.0,0.0,0.0,0.0,0.0,0.0,0.0,0.0,0.0,0.0,0.0,0.0,0.0,0.0,0.0,0.0,0.0,0.0,0.0,0.0,0.0,0.0,0.0,0.0,0.0,0.0,0.0,0.0,,0.0,0.0,0.0,0.0,0.0,0.0,0.0,,0.0,0.0,0.0,0.0,0.0,0.0,0.0,0.0,0.0,0.0,0.0,0.0,0.0,0.0,0.0,0.0,0.0,0.0,0.0,0.0,0.0,0.0,0.0,0.0,0.0,0.0,0.0,0.0,0.0,0.0,0.0,0.0,0.0,0.0,0.0,0.0
BND,0.0,0.0,0.0002998051266676,0.0,1.0,0.0005996102533352,0.0,0.0,0.0,0.0010493179433366,0.0,0.012292010193371606,0.0,0.0002998051266676,0.0040084085779888,0.0,0.0005996102533352,0.0,0.0,0.0,0.0,0.0001499025633338,0.0,0.0,0.0,0.0001499025633338,0.0,0.0,0.0016489281966718,0.0,0.0,0.0,0.0004497076900014,0.000749512816669,0.0,0.0,0.0,0.0,0.0,0.2257132820893841,0.0002998051266676,0.0,0.000749512816669,0.0,0.18240705780147254,0.0,0.02098635886673211,0.0002998051266676,0.0,0.0,0.0098935691800308,0.012142107630037804,,0.0,0.3643074319221133,0.0,0.0,0.0034477589566774,0.0034477589566774,0.0034477589566774,,0.0098935691800308,0.0,0.0,0.13341708129642937,0.13341708129642937,0.0,0.0098935691800308,0.0,0.0,0.0,0.0,0.0919466555093999,0.0001499025633338,0.041414460608018,0.0,0.0,0.006322144908509302,0.043171938240135155,0.0014990256333380003,0.0005048281917624,0.08979821495400249,0.07908505430455352,0.004946784590015402,0.0026982461400084003,0.0005996102533352,0.03117973317343072,0.005546394843350802,0.011542497376702605,0.004347174336680201,0.0013491230700042002,0.0050966871533492004,0.015290061460047608,0.006895517913354801,0.0001499025633338,0.0,0.0
COPX,0.0,0.0,0.0,0.0,0.0005996102533352,1.0,0.0,0.0,0.0,0.0,0.0,0.0,0.0412755087856152,0.0535589148062869,0.022859661111442397,0.0205371876745604,0.0,0.0,0.0,0.0021428018735659,0.0,0.0,0.0,0.0,0.0,0.0013528817698101,0.0,0.0,0.0269862965583637,0.0,0.0,0.0,0.0,0.0,0.0202147009327549,0.0,0.0,0.0,0.0,0.0,0.0,0.000356474261866,0.0,0.0,0.0009522645702362,0.0,0.0037910883498555,0.0,0.0,0.0,0.0,0.0,,0.0,0.0,0.0,0.0,0.0,0.0,0.0,,0.0,0.0,0.0,0.0,0.0,0.000356474261866,0.0,0.0,0.0,0.000356474261866,0.0,0.0013735779239934,0.0316904928521443,0.0,0.0,0.0,0.011682486700738699,0.0,0.0,0.0,0.0012277470841006,0.00070365902694,0.0,0.0,0.0474521974171588,0.0,0.0,0.0,0.0,0.0,0.0,0.0,0.0,0.049442471368791596,0.0202147009327549,0.0202147009327549
CPER,0.0,0.0,0.0,0.0,0.0,0.0,1.0,0.0,0.5,0.0,0.0,0.0,0.0,0.0,0.0,0.0,0.0,0.0,0.0,0.0,0.0,0.0,0.0,0.0,0.0,0.0,0.0,0.0,0.0,0.0,0.0,0.0,0.0,0.0,0.0,0.0,0.0,0.0,0.0,0.0,0.0,0.0,0.0,0.0,0.0,0.0,0.0,0.0,0.5,0.0,0.0,0.0,,0.0,0.0,0.0,0.0,0.0,0.0,0.0,,0.0,0.0,0.0,0.0,0.0,0.0,0.0,0.0,0.0,0.0,0.0,0.0,0.0,0.0,0.0,0.0,0.0,0.0,0.0,0.0,0.0,0.0,0.0,0.0,0.0,0.0,0.0,0.0,0.0,0.0,0.0,0.0,0.0,0.0,0.0,0.0
DBA,0.0,0.0,0.0,0.0,0.0,0.0,0.0,1.0,0.0,0.0,0.0,0.0,0.0,0.0,0.0,0.0,0.0,0.0,0.0,0.0,0.0,0.0,0.0,0.0,0.0,0.0,0.0,0.0,0.0,0.0,0.0,0.0,0.0,0.0,0.0,0.0,0.0,0.0,0.0,0.0,0.0,0.0,0.0,0.0,0.0,0.0,0.0,0.0,0.5,0.0,0.0,0.0,,0.0,0.0,0.0,0.0,0.0,0.0,0.0,,0.0,0.0,0.0,0.0,0.0,0.0,0.0,0.0,0.0,0.0,0.0,0.0,0.0,0.0,0.0,0.0,0.0,0.0,0.0,0.0,0.0,0.0,0.0,0.0,0.0,0.0,0.0,0.0,0.0,0.0,0.0,0.0,0.0,0.0,0.0,0.0
DBB,0.0,0.0,0.0,0.0,0.0,0.0,0.5,0.0,1.0,0.0,0.0,0.0,0.0,0.0,0.0,0.0,0.0,0.0,0.0,0.0,0.0,0.0,0.0,0.0,0.0,0.0,0.0,0.0,0.0,0.0,0.0,0.0,0.0,0.0,0.0,0.0,0.0,0.0,0.0,0.0,0.0,0.0,0.0,0.0,0.0,0.0,0.0,0.0,0.5,0.0,0.0,0.0,,0.0,0.0,0.0,0.0,0.0,0.0,0.0,,0.0,0.0,0.0,0.0,0.0,0.0,0.0,0.0,0.0,0.0,0.0,0.0,0.0,0.0,0.0,0.0,0.0,0.0,0.0,0.0,0.0,0.0,0.0,0.0,0.0,0.0,0.0,0.0,0.0,0.0,0.0,0.0,0.0,0.0,0.0,0.0
ECH,0.0,0.07714146118238041,0.0,0.0,0.0010493179433366,0.0,0.0,0.0,0.0,1.0,0.0,0.009894714321092698,0.0,0.0,0.0,0.0,0.0,0.0,0.0,0.0,0.0,0.0,0.0,0.0,0.0,0.0,0.0,0.0,0.0,0.0,0.0,0.0,0.0,0.0,0.0,0.0,0.0,0.0,0.0,0.0,0.0019800416695635,0.0,0.0,0.0,0.0,0.0,0.0,0.0,0.0,0.0,0.0,0.0,,0.0,0.0,0.0,0.0,0.0,0.0,0.0,,0.0,0.0,0.0,0.0,0.0,0.0,0.0,0.0,0.0,0.0,0.0,0.0,0.0,0.0,0.0,0.0,0.0013560029206206997,0.0,0.0,0.0060481804202972,0.0,0.0,0.0,0.0,0.0,0.0,0.0,0.0,0.0,0.0,0.0,0.0,0.0,0.0,0.0,0.0
EIDO,0.0,0.0,0.0,0.0,0.0,0.0,0.0,0.0,0.0,0.0,1.0,0.0,0.0,0.0,0.0,0.0,0.0,0.0,0.0,0.0,0.0,0.0,0.0,0.0,0.0,0.0,0.0,0.0,0.0,0.0,0.0,0.0,0.0,0.0,0.0,0.0,0.0,0.0,0.0,0.0,0.0,0.0,0.0,0.0,0.0,0.0,0.0,0.0,0.0,0.0,0.0,0.0,,0.0,0.0,0.0,0.0,0.0,0.0,0.0,,0.0,0.0,0.0,0.0,0.0,0.0,0.0,0.0,0.0,0.0,0.0,0.0,0.0,0.0,0.0,0.0,0.0012516950036501,0.0,0.0,0.001025115325474,0.0,0.0,0.0,0.0,0.0,0.0,0.0,0.0,0.0,0.0,0.0,0.0,0.0,0.0,0.0,0.0
EMB,0.0,0.0,0.0,0.0,0.012292010193371606,0.0,0.0,0.0,0.0,0.009894714321092698,0.0,1.0,0.0,0.0,0.0,0.0,0.0,0.0,0.0,0.0,0.0,0.0,0.0,0.0,0.0,0.0,0.0,0.0,0.0,0.0,0.0,0.0,0.0,0.0,0.0,0.0,0.0,0.0,0.0,0.0,0.0,0.0,0.0,0.0,0.0,0.0,0.0,0.0,0.0,0.0,0.0,0.0,,0.0,0.0,0.0,0.0,0.0,0.0,0.0,,0.0,0.0,0.0,0.0,0.0,0.0,0.0,0.0,0.0,0.0,0.0,0.0,0.0,0.0,0.0,0.0,0.0002086158339417,0.0,0.0,0.0,0.0,0.0,0.0,0.0,0.0,0.0,0.0,0.0,0.0,0.0,0.0,0.0,0.0,0.0,0.0,0.0
EPOL,0.0,0.0,0.0,0.0,0.0,0.0412755087856152,0.0,0.0,0.0,0.0,0.0,0.0,1.0,0.0,0.0,0.0,0.0,0.0,0.0,0.0,0.0,0.0,0.0,0.0,0.0,0.0,0.0,0.0,0.0,0.0,0.0,0.0,0.0,0.0,0.0,0.0,0.0,0.0,0.0,0.0,0.0,0.0,0.0,0.0,0.0,0.0,0.0,0.0,0.0,0.0,0.0,0.0,,0.0,0.0,0.0,0.0,0.0,0.0,0.0,,0.0,0.0,0.0,0.0,0.0,0.0,0.0,0.0,0.0,0.0,0.0,0.0,0.0,0.0,0.0,0.0,0.0028163137582133007,0.0,0.0,0.0,0.0,0.0,0.0,0.0,0.0,0.0,0.0,0.0,0.0,0.0,0.0,0.0,0.0,0.0,0.0,0.0
EWA,0.0,0.0,0.0,0.0,0.0002998051266676,0.0535589148062869,0.0,0.0,0.0,0.0,0.0,0.0,0.0,1.0,0.0042872205111955,0.0,0.0047839412269533,0.0,0.0,0.0,0.0,0.0,0.0,0.0,0.0090568281733859,0.0,0.0,0.0,0.0297780843524261,0.0,0.0,0.0,0.0073042267637462,0.0,0.0,0.0090568281733859,0.0,0.0,0.0,0.0,0.0,0.0010728340225536,0.0,0.0,0.0005311479927564,0.0,0.0,0.0,0.0,0.0,0.0,0.0,,0.0,0.0,0.0,0.0,0.0,0.0,0.0,,0.0,0.0,0.0,0.0,0.0,0.0010728340225536,0.0,0.0,0.0,0.0010728340225536,0.0,0.0011822910654507,0.0316904928521443,0.0056619599397321,0.0,0.0,0.03890685303013945,0.0,0.0,0.050192847012777805,0.0012277470841003998,0.003116204262163,0.0,0.0064937375801429,0.0,0.0081308098223311,0.0,0.0,0.0,0.0,0.0,0.0,0.0,0.0,0.0,0.0
EWC,0.0,0.0,0.0,0.0,0.0040084085779888,0.022859661111442397,0.0,0.0,0.0,0.0,0.0,0.0,0.0,0.0042872205111955,1.0,0.0,0.0022980288070815,0.0,0.0,0.0,0.0,0.0,0.0,0.0,0.0042872205111955,0.0479605583647323,0.0,0.0,0.0,0.0,0.0,0.0,0.0106248094934257,0.0,0.0,0.0696546990618066,0.0,0.0,0.0,0.0,0.0,0.0013923866608996,0.0,0.0,0.004789455403082499,0.0,0.0,0.0,0.0,0.0,0.0,0.0,,0.0,0.0017598701279818,0.0221578588764846,0.0,0.0,0.0,0.0,,0.0,0.0,0.0,0.0,0.0,0.0013923866608996,0.0,0.0,0.0,0.0013923866608996,0.0,0.0028077894399982997,0.0130723325573968,0.0059971968997327,0.0,0.0,0.08355389612740223,0.0040698784622671,0.0,0.0,0.0032945539831072002,0.0037703244906675997,0.0,0.0,0.0,0.0051460220599528,0.0,0.0,0.0,0.0,0.0095195026118293,0.0,0.0,0.0211638646551477,0.0,0.0
EWD,0.0,0.0,0.0,0.0,0.0,0.0205371876745604,0.0,0.0,0.0,0.0,0.0,0.0,0.0,0.0,0.0,1.0,0.0,0.0,0.0,0.0,0.0,0.0,0.0,0.0,0.0,0.0013528817698101,0.0,0.0,0.0,0.0,0.0,0.0,0.0,0.0,0.0,0.0,0.0,0.0,0.0,0.0,0.0,0.0,0.0,0.0,0.0,0.0,0.0,0.0,0.0,0.0,0.0,0.0,,0.0,0.0,0.0,0.0,0.0,0.0,0.0,,0.0,0.0,0.0,0.0,0.0,0.0,0.0,0.0,0.0,0.0,0.0,0.000481173124527,0.0,0.0,0.0,0.0,0.01668926671533979,0.0015578262891787,0.0,0.0069707842132238,0.0005115612850419,0.0016083634901486,0.0,0.0191203992957379,0.0,0.0,0.0,0.0,0.0,0.0,0.0,0.0,0.0,0.0,0.0,0.0
EWG,0.0,0.0,0.0,0.0,0.0005996102533352,0.0,0.0,0.0,0.0,0.0,0.0,0.0,0.0,0.0047839412269533,0.0022980288070815,0.0,1.0,0.0,0.0,0.0,0.0,0.0,0.0,0.0,0.0,0.0,0.0,0.0,0.0,0.0,0.0,0.0,0.0,0.0,0.0,0.0019591629031232,0.0,0.0,0.0,0.0,0.0,0.0004108533921591,0.0,0.0,0.0007475900454758,0.0,0.0019591629031232,0.0,0.0,0.0,0.0,0.0108639479666848,,0.0,0.0,0.0,0.0,0.0,0.0,0.0,,0.0,0.0,0.0,0.0,0.0,0.0004108533921591,0.0,0.0,0.0,0.0004108533921591,0.0,0.0066394275783342995,0.0,0.012823110869808,0.0,0.0,0.04756441013872408,0.0019591629031232,0.0,0.0091607243834041,0.0064456721915282,0.0146325197962251,0.0,0.0,0.0019591629031232,0.0,0.0,0.0,0.0,0.0,0.0217487843890282,0.0108639479666848,0.0,0.0019591629031232,0.0,0.0
EWH,0.0,0.0,0.0,0.0,0.0,0.0,0.0,0.0,0.0,0.0,0.0,0.0,0.0,0.0,0.0,0.0,0.0,1.0,0.0,0.0025235729254242,0.0,0.0,0.0,0.0,0.0,0.0,0.0,0.0,0.0,0.0,0.0,0.0,0.0,0.0,0.0,0.0,0.0,0.0,0.0,0.0,0.0,0.0,0.0,0.0,0.0,0.0,0.0,0.0,0.0,0.0,0.0,0.0,,0.0,0.0,0.0,0.0,0.0,0.0,0.0,,0.0,0.0,0.0,0.0,0.0,0.0,0.0,0.0,0.0,0.0,0.0,0.0,0.0,0.0,0.0,0.0,0.009387712527378494,0.0,0.0,0.0643772424397738,0.0,0.0,0.0,0.0,0.0,0.0,0.0,0.0,0.0,0.0,0.0,0.0,0.0,0.0,0.0,0.0
EWI,0.0,0.0,0.0,0.0,0.0,0.0,0.0,0.0,0.0,0.0,0.0,0.0,0.0,0.0,0.0,0.0,0.0,0.0,1.0,0.0,0.0,0.0,0.0,0.0,0.0,0.0,0.0,0.0,0.0,0.0,0.0,0.0,0.0,0.0,0.0,0.0,0.0,0.0,0.0,0.0,0.0,0.0009265521554552,0.0,0.0,0.0,0.0,0.0,0.0,0.0,0.0,0.0,0.0,,0.0,0.0,0.0,0.0,0.0,0.0,0.0,,0.0,0.0,0.0,0.0,0.0,0.0009265521554552,0.0,0.0,0.0,0.0009265521554552,0.0,0.0,0.0,0.0,0.0,0.0,0.019192656722642695,0.0,0.0,0.0,0.0001023122570083,0.0003015681544027,0.0,0.0,0.0,0.0,0.0,0.0,0.0,0.0,0.0,0.0,0.0,0.0,0.0,0.0
EWJ,0.0,0.0,0.0,0.0,0.0,0.0021428018735659,0.0,0.0,0.0,0.0,0.0,0.0,0.0,0.0,0.0,0.0,0.0,0.0025235729254242,0.0,1.0,0.0,0.0,0.0,0.0,0.0,0.0,0.0,0.0013217235748498,0.0,0.0,0.0,0.0,0.0,0.0,0.0,0.0,0.0,0.0,0.0,0.0,0.0,0.0,0.0,0.0,0.0,0.0,0.0,0.0,0.0,0.0,0.0,0.0,,0.0,0.0,0.0,0.0,0.0,0.0,0.0,,0.0,0.0,0.0,0.0,0.0,0.0,0.0,0.0,0.0,0.0,0.0,0.0,0.0272490348922194,0.0,0.0,0.0,0.13424428914152756,0.0,0.0,0.020222184595466798,0.0,0.0,0.0,0.0,0.0,0.0,0.0,0.0,0.0,0.0,0.0,0.0,0.0,0.0,0.0,0.0
EWK,0.0,0.0,0.0,0.0,0.0,0.0,0.0,0.0,0.0,0.0,0.0,0.0,0.0,0.0,0.0,0.0,0.0,0.0,0.0,0.0,1.0,0.0,0.0,0.0,0.0,0.0,0.0,0.0,0.0,0.0,0.0,0.0,0.0,0.0,0.0,0.0,0.0,0.0,0.0,0.0,0.0,0.0012770065873995,0.0,0.0,0.0,0.0,0.0,0.0,0.0,0.0,0.0,0.0,,0.0,0.0,0.0,0.0,0.0,0.0,0.0,,0.0,0.0,0.0,0.0,0.0,0.0012770065873995,0.0,0.0,0.0,0.0012770065873995,0.0,0.0,0.0,0.0,0.0,0.0,0.006780014603107001,0.0,0.0,0.017631983598154502,0.0001023122570083,0.0002010454362685,0.0,0.0,0.0,0.0,0.0,0.0,0.0,0.0,0.0,0.0,0.0,0.0,0.0,0.0
EWL,0.0,0.0,0.0,0.0,0.0001499025633338,0.0,0.0,0.0,0.0,0.0,0.0,0.0,0.0,0.0,0.0,0.0,0.0,0.0,0.0,0.0,0.0,1.0,0.0,0.0,0.0,0.0,0.0,0.0,0.0,0.0,0.0,0.0,0.0,0.0,0.0,0.0,0.0,0.0,0.0,0.0,0.0,0.0,0.0,0.0,0.0,0.0,0.0,0.0,0.0,0.0,0.0,0.0,,0.0,0.0,0.0,0.0,0.0,0.0,0.0,,0.0,0.0,0.0,0.0,0.0,0.0,0.0,0.0,0.0,0.0,0.0,0.0010978202316364,0.0,0.0088895787051709,0.0,0.0,0.05194534265150248,0.0052202376790945,0.0,0.0092992422302564,0.0011254348270921,0.0019099316445515,0.0,0.0,0.0,0.004565257085272,0.0,0.0023171530349968,0.0,0.0,0.0,0.0,0.0,0.0,0.0,0.0
EWM,0.0,0.0,0.0,0.0,0.0,0.0,0.0,0.0,0.0,0.0,0.0,0.0,0.0,0.0,0.0,0.0,0.0,0.0,0.0,0.0,0.0,0.0,1.0,0.0,0.0,0.0,0.0,0.0,0.0,0.0,0.0,0.0,0.0,0.0,0.0,0.0,0.0,0.0,0.0,0.0,0.0,0.0,0.0,0.0,0.0,0.0,0.0,0.0,0.0,0.0,0.0,0.0,,0.0,0.0,0.0,0.0,0.0,0.0,0.0,,0.0,0.0,0.0,0.0,0.0,0.0,0.0,0.0,0.0,0.0,0.0,0.0,0.0,0.0,0.0,0.0,0.0037550850109503023,0.0,0.0,0.0,0.0,0.0,0.0,0.0,0.0,0.0,0.0,0.0,0.0,0.0,0.0,0.0,0.0,0.0,0.0,0.0
EWN,0.0,0.0,0.0,0.0,0.0,0.0,0.0,0.0,0.0,0.0,0.0,0.0,0.0,0.0,0.0,0.0,0.0,0.0,0.0,0.0,0.0,0.0,0.0,1.0,0.0,0.0,0.0,0.0,0.0,0.0,0.0,0.0,0.0,0.0,0.0,0.0,0.0,0.0,0.0,0.0,0.0,0.0,0.0,0.0,0.0,0.0,0.0,0.0,0.0,0.0,0.0,0.0,,0.0,0.0,0.0,0.0,0.0491901619676064,0.0491901619676064,0.0491901619676064,,0.0,0.0,0.0,0.0,0.0,0.0,0.0,0.0,0.0,0.0,0.0,0.0,0.0,0.0,0.0,0.0,0.03327422551371312,0.0,0.0,0.0021527421834955,0.0,0.0,0.0,0.0,0.0,0.0,0.0,0.0,0.0,0.0,0.0,0.0,0.0,0.0,0.0,0.0
EWP,0.0,0.0,0.0,0.0,0.0,0.0,0.0,0.0,0.0,0.0,0.0,0.0,0.0,0.0090568281733859,0.0042872205111955,0.0,0.0,0.0,0.0,0.0,0.0,0.0,0.0,0.0,1.0,0.0441078848598431,0.0,0.0,0.0,0.0,0.0,0.0,0.0,0.0,0.0,0.013085605833583,0.0,0.0,0.0,0.0,0.0,0.0001502950870462,0.0,0.0,0.0,0.0,0.0,0.0,0.0,0.0,0.0,0.0,,0.0,0.0,0.0,0.0,0.0,0.0,0.0,,0.0,0.0,0.0,0.0,0.0,0.0001502950870462,0.0,0.0,0.0,0.0001502950870462,0.0,0.0,0.0,0.0,0.0,0.0,0.02545113174089629,0.0,0.0,0.0,0.0,0.0,0.0,0.0,0.0,0.0,0.0,0.0,0.0,0.0,0.0,0.0,0.0,0.006568484650266,0.0,0.0
EWQ,0.0,0.0,0.0,0.0,0.0001499025633338,0.0013528817698101,0.0,0.0,0.0,0.0,0.0,0.0,0.0,0.0,0.0479605583647323,0.0013528817698101,0.0,0.0,0.0,0.0,0.0,0.0,0.0,0.0,0.0441078848598431,1.0,0.0,0.0,2.9543730247654838e-05,0.0,0.0,0.0,0.0066049329990403,0.0,0.0,0.006692638098092,0.0,0.0,0.0,0.0,0.0,0.0073267349977559,0.0,0.0,0.0002521469452452,0.0,0.0,0.0,0.0,0.0,0.0,0.0018708014490496,,0.0,0.0,0.0,0.0,0.0,0.0,0.0,,0.0,0.0,0.0,0.0,0.0,0.0073267349977559,0.0,0.0,0.0,0.0073267349977559,0.0,0.0022358217258581998,0.0,0.0007192303333639,0.0,0.0,0.05945551267340518,0.0,0.0,0.0134079295773939,0.0023531819111922998,0.0042833466842723995,0.0,0.0,0.0,0.0,0.0018708014490496,0.0,0.0301749462283949,0.0,0.0,0.0,0.0,0.0,0.0,0.0
EWS,0.0,0.0,0.0,0.0,0.0,0.0,0.0,0.0,0.0,0.0,0.0,0.0,0.0,0.0,0.0,0.0,0.0,0.0,0.0,0.0,0.0,0.0,0.0,0.0,0.0,0.0,1.0,0.0,0.0,0.0,0.0,0.0,0.0,0.0,0.0,0.0,0.0,0.0,0.0,0.0,0.0,0.0,0.0,0.0,0.0,0.0,0.0,0.0,0.0,0.0,0.0,0.0,,0.0,0.0,0.0,0.0,0.0,0.0,0.0,,0.0,0.0,0.0,0.0,0.0,0.0,0.0,0.0,0.0,0.0,0.0,0.0,0.0,0.0,0.0,0.0,0.0080317096067578,0.0,0.0,0.0187596104561761,0.0,0.0,0.0,0.0,0.0,0.0,0.0,0.0,0.0,0.0,0.0,0.0,0.0,0.0,0.0,0.0
EWT,0.0,0.0,0.0,0.0,0.0,0.0,0.0,0.0,0.0,0.0,0.0,0.0,0.0,0.0,0.0,0.0,0.0,0.0,0.0,0.0013217235748498,0.0,0.0,0.0,0.0,0.0,0.0,0.0,1.0,0.0,0.0,0.0,0.0,0.0,0.0,0.0,0.0,0.0,0.0,0.0,0.0,0.0,0.0,0.0,0.0,0.0,0.0,0.0,0.0,0.0,0.0,0.0,0.0,,0.0,0.0,0.0,0.0,0.0,0.0,0.0,,0.0,0.0,0.0,0.0,0.0,0.0,0.0,0.0,0.0,0.0,0.0,0.0,0.0,0.0,0.0,0.0,0.0869928027537189,0.0,0.0,0.003997949769349,0.0,0.0,0.0,0.0,0.0,0.0,0.0,0.0,0.0,0.0,0.0,0.0,0.0,0.0,0.0,0.0
EWU,0.0,0.0,0.0,0.0,0.0016489281966718,0.0269862965583637,0.0,0.0,0.0,0.0,0.0,0.0,0.0,0.0297780843524261,0.0,0.0,0.0,0.0,0.0,0.0,0.0,0.0,0.0,0.0,0.0,2.9543730247654838e-05,0.0,0.0,1.0,0.0,0.0,0.0,0.0092221867647175,0.0,0.0,0.0020380893655204,0.0,0.0,0.0,0.0,0.0,0.0001142764380144,0.012833574314759,0.0,0.0023985641604343,0.0,0.001696350379284,0.0,0.0,0.0,0.0,0.0,,0.0,0.0,0.0020380893655204,0.0,0.0,0.0,0.0,,0.0,0.0,0.0,0.0,0.0,0.0001142764380144,0.0,0.0,0.0,0.0001142764380144,0.0,0.0014735801685326999,0.0,0.0,0.0,0.0,0.0789610931469619,0.008168655934557501,0.000201106083459,0.0066190121806035,0.0022508696541841,0.0038198632891030997,0.0,0.0,0.0,0.0050253991762441,0.0,0.0,0.0039652030789389,0.0,0.0,0.0,0.0040383770397322,0.0,0.0,0.0
EWW,0.0,0.0,0.0,0.0,0.0,0.0,0.0,0.0,0.0,0.0,0.0,0.0,0.0,0.0,0.0,0.0,0.0,0.0,0.0,0.0,0.0,0.0,0.0,0.0,0.0,0.0,0.0,0.0,0.0,1.0,0.0,0.0,0.0,0.0,0.0,0.0,0.0,0.0,0.0,0.0,0.0,0.0,0.0,0.0,0.0,0.0,0.0,0.0,0.0,0.0,0.0,0.0,,0.0,0.0,0.0372679520425577,0.0,0.0,0.0,0.0,,0.0,0.0,0.0,0.0,0.0,0.0,0.0,0.0,0.0,0.0,0.0,0.0,0.0,0.0,0.0,0.0,0.005736935433397003,0.0,0.0,0.016184640925854896,0.0,0.0,0.0,0.0,0.0,0.0,0.0,0.0,0.0,0.0,0.0,0.0,0.0,0.0,0.0,0.0
EWY,0.0,0.0,0.0,0.0,0.0,0.0,0.0,0.0,0.0,0.0,0.0,0.0,0.0,0.0,0.0,0.0,0.0,0.0,0.0,0.0,0.0,0.0,0.0,0.0,0.0,0.0,0.0,0.0,0.0,0.0,1.0,0.0,0.0,0.0,0.0,0.0,0.0,0.0,0.0,0.0,0.0,0.0,0.0,0.0,0.0,0.0,0.0,0.0,0.0,0.0,0.0,0.0,,0.0,0.0,0.0,0.0,0.0,0.0,0.0,,0.0,0.0,0.0,0.0,0.0,0.0,0.0,0.0,0.0,0.0,0.0,0.0,0.026630033796889697,0.0,0.0,0.0,0.07282106350410417,0.0,0.0,0.0,0.0,0.0,0.0,0.0,0.0,0.0,0.0,0.0,0.0,0.0,0.0,0.0,0.0,0.0,0.0,0.0
EWZ,0.0,0.0,0.0,0.0,0.0,0.0,0.0,0.0,0.0,0.0,0.0,0.0,0.0,0.0,0.0,0.0,0.0,0.0,0.0,0.0,0.0,0.0,0.0,0.0,0.0,0.0,0.0,0.0,0.0,0.0,0.0,1.0,0.0,0.0,0.0,0.0034848230783698,0.0,0.0,0.0,0.0,0.0,0.0008309371901982,0.0,0.0,0.0,0.0,0.0,0.0,0.0,0.0,0.0,0.0,,0.0,0.0,0.0,0.0,0.0,0.0,0.0,,0.0,0.0,0.0,0.0,0.0,0.0008309371901982,0.0,0.0,0.0,0.0008309371901982,0.0,0.0,0.0,0.0,0.0,0.0,0.008970480859493495,0.0,0.0,0.0,0.0,0.00040209087253700003,0.0,0.0,0.0,0.0,0.0,0.0,0.0,0.0,0.0,0.0,0.0,0.0,0.0,0.0
EZA,0.0,0.0,0.0,0.0,0.0004497076900014,0.0,0.0,0.0,0.0,0.0,0.0,0.0,0.0,0.0073042267637462,0.0106248094934257,0.0,0.0,0.0,0.0,0.0,0.0,0.0,0.0,0.0,0.0,0.0066049329990403,0.0,0.0,0.0092221867647175,0.0,0.0,0.0,1.0,0.0,0.0,0.0406552791928878,0.0,0.0,0.0,0.0,0.0,0.0044493566256605,0.0,0.0,0.0005322543415388001,0.0,0.0,0.0,0.0,0.0,0.0,0.0,,0.0,0.0,0.0,0.0,0.0,0.0,0.0,,0.0,0.0,0.0,0.0,0.0,0.0044493566256605,0.0,0.0,0.0,0.0044493566256605,0.0,0.0,0.0126961911426572,0.0,0.0,0.0,0.011160947115883195,0.0,0.0027149321266968,0.006355715017939301,0.0005115612850415,0.000402090872537,0.0,0.0,0.0,0.0,0.0,0.0,0.0,0.0,0.0,0.0,0.0,0.0,0.0,0.0
F,0.0,0.0,0.0,0.0,0.000749512816669,0.0,0.0,0.0,0.0,0.0,0.0,0.0,0.0,0.0,0.0,0.0,0.0,0.0,0.0,0.0,0.0,0.0,0.0,0.0,0.0,0.0,0.0,0.0,0.0,0.0,0.0,0.0,0.0,1.0,0.0,0.0,0.0,0.0,0.0,0.0,0.0,0.0,0.0,0.0,0.0011952589937354,0.0,0.0,0.0,0.0,0.0,0.0,0.0,,0.0,0.0,0.0,0.0,0.0,0.0,0.0,,0.0,0.0,0.0,0.0,0.0,0.0,0.0,0.0,0.0,0.0,0.0,0.0008415018533482,0.0,0.0,0.0,0.0,0.0,0.0198800139743969,0.0,0.0,0.0007161857990587,0.0023120225170888,0.0,0.0,0.0,0.0,0.0,0.0,0.0,0.0,0.0,0.0,0.0137546929174337,0.0,0.0,0.0
FXI,0.0,0.0,0.0,0.0,0.0,0.0202147009327549,0.0,0.0,0.0,0.0,0.0,0.0,0.0,0.0,0.0,0.0,0.0,0.0,0.0,0.0,0.0,0.0,0.0,0.0,0.0,0.0,0.0,0.0,0.0,0.0,0.0,0.0,0.0,0.0,1.0,0.0,0.0,0.0,0.0,0.0,0.0,0.0,0.0,0.3598850564227171,0.0,0.0,0.0,0.0,0.0,0.0,0.0,0.0,,0.0,0.0,0.0,0.0,0.0,0.0,0.0,,0.0,0.0,0.0,0.0,0.0,0.0,0.0,0.0,0.0,0.0,0.0,0.0,0.0,0.0,0.0,0.0,0.037237926358605344,0.0,0.0,0.0106611993849307,0.0,0.0,0.0,0.0,0.0,0.0,0.0,0.0,0.0,0.0,0.0,0.0,0.0,0.0,0.9999999999999978,0.9999999999999978
GDX,0.0,0.0,0.0,0.0,0.0,0.0,0.0,0.0,0.0,0.0,0.0,0.0,0.0,0.0090568281733859,0.0696546990618066,0.0,0.0019591629031232,0.0,0.0,0.0,0.0,0.0,0.0,0.0,0.013085605833583,0.006692638098092,0.0,0.0,0.0020380893655204,0.0,0.0,0.0034848230783698,0.0406552791928878,0.0,0.0,1.0,0.0,0.0,0.0,0.0,0.0,0.0019704909943846,0.0,0.0,0.0,0.0,0.0051993584558416,0.0,0.0,0.0,0.0,0.0009237865113952,,0.0,0.0,0.18339826191189618,0.0,0.0005998800239952,0.0005998800239952,0.0005998800239952,,0.0,0.0,0.0,0.0,0.0,0.0019704909943846,0.0,0.0,0.0,0.0019704909943846,0.0,0.0015601552579937,0.0,0.0123605814884059,0.0,0.0,0.0083446333576705,0.0062532718013179,0.0,0.0,0.0019439328831591,0.0042219541616404,0.0,0.0,0.0596499355001484,0.0,0.0,0.0,0.0,0.0,0.0,0.0,0.0,0.10048831090572449,0.0,0.0
GLDM,0.0,0.0,0.0,0.0,0.0,0.0,0.0,0.0,0.0,0.0,0.0,0.0,0.0,0.0,0.0,0.0,0.0,0.0,0.0,0.0,0.0,0.0,0.0,0.0,0.0,0.0,0.0,0.0,0.0,0.0,0.0,0.0,0.0,0.0,0.0,0.0,1.0,0.0,0.0,0.0,0.0,0.0,0.0,0.0,0.0,0.0,0.0,0.0,0.5,0.0,0.0,0.0,,0.0,0.0,0.0,0.5,0.0,0.0,0.0,,0.0,0.0,0.0,0.0,0.0,0.0,0.0,0.0,0.0,0.0,0.0,0.0,0.0,0.0,0.0,0.0,0.0,0.0,0.0,0.0,0.0,0.0,0.0,0.0,0.0,0.0,0.0,0.0,0.0,0.0,0.0,0.0,0.0,0.0,0.0,0.0
GME,0.0,0.0,0.0,0.0,0.0,0.0,0.0,0.0,0.0,0.0,0.0,0.0,0.0,0.0,0.0,0.0,0.0,0.0,0.0,0.0,0.0,0.0,0.0,0.0,0.0,0.0,0.0,0.0,0.0,0.0,0.0,0.0,0.0,0.0,0.0,0.0,0.0,1.0,0.0,0.0,0.0,0.0,0.0,0.0,0.0,0.0,0.0,0.0,0.0,0.0,0.0,0.0,,0.0,0.0,0.0,0.0,0.0,0.0,0.0,,0.0,0.0,0.0,0.0,0.0,0.0,0.0,0.0,0.0,0.0,0.0,0.0,0.0,0.0,0.0,0.0,0.0,0.0,0.0,0.0,0.0001023122570083,0.0,0.0,0.0,0.0,0.0,0.0,0.0,0.0,0.0,0.0,0.0,0.0,0.0,0.0,0.0
HYG,0.0,0.0,0.0,0.0,0.0,0.0,0.0,0.0,0.0,0.0,0.0,0.0,0.0,0.0,0.0,0.0,0.0,0.0,0.0,0.0,0.0,0.0,0.0,0.0,0.0,0.0,0.0,0.0,0.0,0.0,0.0,0.0,0.0,0.0,0.0,0.0,0.0,0.0,1.0,0.0,0.0,0.0,0.0,0.0,0.0,0.0,0.0,0.0,0.0,0.0,0.0,0.0,,0.0,0.0,0.0,0.0,0.0,0.0,0.0,,0.0,0.0,0.0,0.0,0.0,0.0,0.0,0.0,0.0,0.0,0.0,0.0,0.0,0.0,0.0,0.0,0.0,0.0,0.0,0.0,0.0,0.0,0.0,0.0,0.0,0.0,0.0,0.0,0.0,0.0,0.0,0.0,0.0,0.0,0.0,0.0
IEF,0.0,0.0,0.0,0.0,0.2257132820893841,0.0,0.0,0.0,0.0,0.0,0.0,0.0,0.0,0.0,0.0,0.0,0.0,0.0,0.0,0.0,0.0,0.0,0.0,0.0,0.0,0.0,0.0,0.0,0.0,0.0,0.0,0.0,0.0,0.0,0.0,0.0,0.0,0.0,0.0,1.0,0.0,0.0,0.0,0.0,0.0,0.0,0.0,0.0,0.0,0.0,0.0,0.0,,0.0,0.16949982083919649,0.0,0.0,0.0,0.0,0.0,,0.0,0.0,0.0,0.0,0.0,0.0,0.0,0.0,0.0,0.0,0.0,0.0,0.0,0.0,0.0,0.0,0.0,0.0,0.0,0.0,0.0,0.0,0.0,0.0,0.0,0.0,0.0,0.0,0.0,0.0,0.0,0.0,0.0,0.0,0.0,0.0
INDA,0.0,0.0,0.0,0.0,0.0002998051266676,0.0,0.0,0.0,0.0,0.0019800416695635,0.0,0.0,0.0,0.0,0.0,0.0,0.0,0.0,0.0,0.0,0.0,0.0,0.0,0.0,0.0,0.0,0.0,0.0,0.0,0.0,0.0,0.0,0.0,0.0,0.0,0.0,0.0,0.0,0.0,0.0,1.0,0.0,0.0,0.0,0.0006415817166811,0.0,0.0018386888603922,0.0,0.0,0.0,0.0,0.000996379750151,,0.0,0.0,0.0,0.0,0.0,0.0,0.0,,0.0,0.0,0.0,0.0,0.0,0.0,0.0,0.0,0.0,0.0,0.0,0.0004564230700168,0.0,0.0,0.0,0.0,0.03921977678104195,0.0,0.0,0.014791019624143,0.0004092490280335,0.0012062726176115,0.0,0.0056785741051362,0.0,0.0,0.0,0.0,0.0,0.0,0.0,0.0,0.0,0.0,0.0,0.0
IWM,0.0,0.0,0.0,0.0,0.0,0.000356474261866,0.0,0.0,0.0,0.0,0.0,0.0,0.0,0.0010728340225536,0.0013923866608996,0.0,0.0004108533921591,0.0,0.0009265521554552,0.0,0.0012770065873995,0.0,0.0,0.0,0.0001502950870462,0.0073267349977559,0.0,0.0,0.0001142764380144,0.0,0.0,0.0008309371901982,0.0044493566256605,0.0,0.0,0.0019704909943846,0.0,0.0,0.0,0.0,0.0,1.0,0.012070260645591994,0.0,0.0,0.0,0.0,0.0,0.0,0.0,0.0,0.0,,0.0,0.0,0.002708020490296948,0.0,0.0,0.0,0.0,,0.0,0.0,0.0,0.0,0.0,0.9999999999999283,0.0,0.0,0.0,0.9999999999999283,0.0,0.0,0.0039101805256695,0.0,0.0,0.0,0.009444576980278096,0.0,0.056989930530155775,0.0019799174432818,0.026601186822158562,0.026336952151168585,0.09417502193976632,0.0,0.0,0.0,0.0,0.0,0.0,0.0,0.0,0.0,0.0,0.017965179096460403,0.0,0.0
IYT,0.0,0.0,0.0,0.0,0.000749512816669,0.0,0.0,0.0,0.0,0.0,0.0,0.0,0.0,0.0,0.0,0.0,0.0,0.0,0.0,0.0,0.0,0.0,0.0,0.0,0.0,0.0,0.0,0.0,0.012833574314759,0.0,0.0,0.0,0.0,0.0,0.0,0.0,0.0,0.0,0.0,0.0,0.0,0.012070260645591994,1.0,0.0,0.0006070837500998,0.0,0.0180021142569602,0.0,0.0,0.0,0.0,0.0052809828944295,,0.0,0.0,0.0,0.0,0.0,0.0,0.0,,0.0,0.0,0.0,0.0,0.0,0.012070260645591994,0.0,0.0,0.0,0.012070260645591994,0.0,0.0135928902612637,0.0,0.0027533756381315,0.0,0.0,0.0013560029206216,0.042199930368745406,0.0,0.0,0.014119091467155401,0.0194008845999186,0.0,0.0,0.0,0.0,0.1572838092056255,0.0,0.0,0.0,0.0,0.0,0.0,0.0,0.0,0.0
KWEB,0.0,0.0,0.0,0.0,0.0,0.0,0.0,0.0,0.0,0.0,0.0,0.0,0.0,0.0,0.0,0.0,0.0,0.0,0.0,0.0,0.0,0.0,0.0,0.0,0.0,0.0,0.0,0.0,0.0,0.0,0.0,0.0,0.0,0.0,0.3598850564227171,0.0,0.0,0.0,0.0,0.0,0.0,0.0,0.0,1.0,0.0,0.0,0.0,0.0,0.0,0.0,0.0,0.0,,0.0,0.0,0.0,0.0,0.0,0.0,0.0,,0.0,0.0,0.0,0.0,0.0,0.0,0.0,0.0,0.0,0.0,0.0,0.0,0.0,0.0,0.0,0.0,0.022217586314798782,0.0,0.0,0.0,0.0,0.0,0.0,0.0,0.0,0.0,0.0,0.0,0.0,0.0,0.0,0.0,0.0,0.0,0.3598850564227171,0.3598850564227171
LQD,0.0,0.0,0.0,0.0,0.18240705780147254,0.0009522645702362,0.0,0.0,0.0,0.0,0.0,0.0,0.0,0.0005311479927564,0.004789455403082499,0.0,0.0007475900454758,0.0,0.0,0.0,0.0,0.0,0.0,0.0,0.0,0.0002521469452452,0.0,0.0,0.0023985641604343,0.0,0.0,0.0,0.0005322543415388001,0.0011952589937354,0.0,0.0,0.0,0.0,0.0,0.0,0.0006415817166811,0.0,0.0006070837500998,0.0,1.0,0.0,0.0440620500743471,0.0003794776323934,0.0,0.0,0.0193999264780922,0.02244137985831393,,0.0,0.009309321541665997,0.0,0.0,0.0067994184628481,0.0067994184628481,0.0067994184628481,,0.0193999264780922,0.0,0.0,0.0,0.0,0.0,0.0193999264780922,0.0,0.0,0.0,0.0,0.13572746035432592,0.0005311479927564,0.0721882433432063,0.0,0.0,0.007252100291425199,0.08650045690067172,0.0015064447331005772,0.0,0.12858676003960193,0.16194514686337982,0.014573027317258928,0.0059708638019266005,0.0008222182997128,0.07070353221963643,0.0097010695878285,0.024827673604979002,0.006334651397040998,0.0015064447331005772,0.0054336811794473,0.038964698924776234,0.009850426673464401,0.0004211165774798,0.0,0.0
MSTR,0.0,0.0,0.0,0.0,0.0,0.0,0.0,0.0,0.0,0.0,0.0,0.0,0.0,0.0,0.0,0.0,0.0,0.0,0.0,0.0,0.0,0.0,0.0,0.0,0.0,0.0,0.0,0.0,0.0,0.0,0.0,0.0,0.0,0.0,0.0,0.0,0.0,0.0,0.0,0.0,0.0,0.0,0.0,0.0,0.0,1.0,0.0,0.0,0.0,0.0,0.0,0.0,,0.0,0.0,0.0,0.0,0.0,0.0,0.0,,0.0,0.0,0.0,0.0,0.0,0.0,0.0,0.0,0.0,0.0,0.0,0.0,0.0,0.0,0.0,0.0,0.0,0.0037487734036292,0.0,0.0,0.0004092490280335,0.0,0.0,0.0,0.0,0.0,0.0,0.0,0.0,0.0,0.0,0.0,0.0,0.0,0.0,0.0
MTUM,0.0,0.0,0.0,0.0,0.02098635886673211,0.0037910883498555,0.0,0.0,0.0,0.0,0.0,0.0,0.0,0.0,0.0,0.0,0.0019591629031232,0.0,0.0,0.0,0.0,0.0,0.0,0.0,0.0,0.0,0.0,0.0,0.001696350379284,0.0,0.0,0.0,0.0,0.0,0.0,0.0051993584558416,0.0,0.0,0.0,0.0,0.0018386888603922,0.0,0.0180021142569602,0.0,0.0440620500743471,0.0,1.0,0.0,0.0,0.0,0.38151566914197166,0.22470203744844205,,0.0,0.0,0.0,0.0,0.3480075142930984,0.3480075142930984,0.3480075142930984,,0.38151566914197166,0.0,0.0,0.0,0.0,0.0,0.38151566914197166,0.0,0.0,0.0,0.0,0.2926996280980793,0.0,0.18548894926003204,0.0,0.0,0.0012516950036501999,0.17636785956983808,0.013600832249695499,0.0,0.28524648026626204,0.29982184836505166,0.0045938693755153,0.10276347858831791,0.020568911493992002,0.051891084836436896,0.13635756227233387,0.40479657121946094,0.038574929548957894,0.013600832249695499,0.0061758084440351,0.034028005846888296,0.024919344029806206,0.013990911758049101,0.0,0.0
NVDA,0.0,0.0,0.0,0.0,0.0002998051266676,0.0,0.0,0.0,0.0,0.0,0.0,0.0,0.0,0.0,0.0,0.0,0.0,0.0,0.0,0.0,0.0,0.0,0.0,0.0,0.0,0.0,0.0,0.0,0.0,0.0,0.0,0.0,0.0,0.0,0.0,0.0,0.0,0.0,0.0,0.0,0.0,0.0,0.0,0.0,0.0003794776323934,0.0,0.0,1.0,0.0,0.0,0.113488240294701,0.0618232057254337,,0.0,0.0,0.0,0.0,0.2030593881223754,0.2030593881223754,0.2030593881223754,,0.113488240294701,0.0,0.0,0.0,0.0,0.0,0.113488240294701,0.0,0.0,0.0,0.0,0.0791221165685482,0.0,0.0141474350039924,0.0,0.0,0.0,0.0,0.0,0.0,0.0646613464293007,0.0,0.0,0.0,0.0,0.0,0.0,0.1391609500824813,0.0,0.0,0.0,0.0,0.0,0.0,0.0,0.0
PDBC,0.0,0.0,0.0,0.0,0.0,0.0,0.5,0.5,0.5,0.0,0.0,0.0,0.0,0.0,0.0,0.0,0.0,0.0,0.0,0.0,0.0,0.0,0.0,0.0,0.0,0.0,0.0,0.0,0.0,0.0,0.0,0.0,0.0,0.0,0.0,0.0,0.5,0.0,0.0,0.0,0.0,0.0,0.0,0.0,0.0,0.0,0.0,0.0,1.0,0.0,0.0,0.0,,0.0,0.0,0.0,0.5,0.0,0.0,0.0,,0.0,0.0,0.0,0.0,0.0,0.0,0.0,0.0,0.0,0.0,0.5,0.0,0.0,0.0,0.5,0.0,0.0,0.0,0.0,0.0,0.0,0.0,0.0,0.0,0.0,0.0,0.0,0.0,0.0,0.0,0.0,0.0,0.0,0.0,0.0,0.0
PLTR,0.0,0.0,0.0,0.0,0.0,0.0,0.0,0.0,0.0,0.0,0.0,0.0,0.0,0.0,0.0,0.0,0.0,0.0,0.0,0.0,0.0,0.0,0.0,0.0,0.0,0.0,0.0,0.0,0.0,0.0,0.0,0.0,0.0,0.0,0.0,0.0,0.0,0.0,0.0,0.0,0.0,0.0,0.0,0.0,0.0,0.0,0.0,0.0,0.0,1.0,0.0178520827429866,0.0,,0.0,0.0,0.0,0.0,0.0,0.0,0.0,,0.0178520827429866,0.0,0.0,0.0,0.0,0.0,0.0178520827429866,0.0,0.0,0.0,0.0,0.0047355772313927,0.0,0.0093510965256605,0.0,0.0,0.0,0.0,0.0,0.0,0.0035809289952935,0.0,0.0,0.0,0.0,0.0,0.0,0.0203363320965469,0.0,0.0,0.0,0.0,0.0,0.0,0.0,0.0
QQQ,0.0,0.0,0.0,0.0,0.0098935691800308,0.0,0.0,0.0,0.0,0.0,0.0,0.0,0.0,0.0,0.0,0.0,0.0,0.0,0.0,0.0,0.0,0.0,0.0,0.0,0.0,0.0,0.0,0.0,0.0,0.0,0.0,0.0,0.0,0.0,0.0,0.0,0.0,0.0,0.0,0.0,0.0,0.0,0.0,0.0,0.0193999264780922,0.0,0.38151566914197166,0.113488240294701,0.0,0.0178520827429866,1.0,0.3942453120338338,,0.0,0.0,0.0,0.0,0.39047877587984764,0.39047877587984764,0.39047877587984764,,0.9999999999999982,0.0,0.0,0.0,0.0,0.0,0.9999999999999982,0.0451969396429583,0.0,0.0,0.0,0.46292020983236365,0.0,0.1387401124616515,0.0,0.0,0.0,0.0970529895154433,0.0,0.0,0.41201145897277436,0.08259056473087609,0.0,0.0,0.0150184188155284,0.0,0.0,0.616332243658934,0.0590818928875034,0.0,0.0,0.0,0.10385378294134301,0.0,0.0,0.0
QUAL,0.0,0.0,0.0,0.0,0.012142107630037804,0.0,0.0,0.0,0.0,0.0,0.0,0.0,0.0,0.0,0.0,0.0,0.0108639479666848,0.0,0.0,0.0,0.0,0.0,0.0,0.0,0.0,0.0018708014490496,0.0,0.0,0.0,0.0,0.0,0.0,0.0,0.0,0.0,0.0009237865113952,0.0,0.0,0.0,0.0,0.000996379750151,0.0,0.0052809828944295,0.0,0.02244137985831393,0.0,0.22470203744844205,0.0618232057254337,0.0,0.0,0.3942453120338338,1.0,,0.0,0.0,0.0009237865113952,0.0,0.1804875181683351,0.1804875181683351,0.1804875181683351,,0.3942453120338338,0.0,0.0,0.0,0.0,0.0,0.3942453120338338,0.0,0.0,0.0,0.0,0.4390704341476006,0.0,0.28887625646208503,0.0,0.0,0.0010430791697085,0.0424237349456206,0.0177230635027626,0.0,0.4067636162494705,0.1629344380102716,0.0110244598161878,0.0308623395889678,0.0174722413467857,0.11399561596914982,0.08784803201231588,0.3362606931219214,0.0432898014209445,0.0177230635027626,0.0211445580703853,0.0889860937387976,0.0973627108625163,0.0009237865113952,0.0,0.0
SCHD,,,,,,,,,,,,,,,,,,,,,,,,,,,,,,,,,,,,,,,,,,,,,,,,,,,,,,,,,,,,,,,,,,,,,,,,,,,,,,,,,,,,,,,,,,,,,,,,,
SGOV,0.0,0.0,0.0,0.0,0.0,0.0,0.0,0.0,0.0,0.0,0.0,0.0,0.0,0.0,0.0,0.0,0.0,0.0,0.0,0.0,0.0,0.0,0.0,0.0,0.0,0.0,0.0,0.0,0.0,0.0,0.0,0.0,0.0,0.0,0.0,0.0,0.0,0.0,0.0,0.0,0.0,0.0,0.0,0.0,0.0,0.0,0.0,0.0,0.0,0.0,0.0,0.0,,1.0,0.0,0.0,0.0,0.0,0.0,0.0,,0.0,0.0,0.0,0.0,0.0,0.0,0.0,0.0,0.0,0.0,0.0,0.0,0.0,0.0,0.0,0.0,0.0,0.0,0.0,0.0,0.0,0.0,0.0,0.0,0.0,0.0,0.0,0.0,0.0,0.0,0.0,0.0,0.0,0.0,0.0,0.0
SHY,0.0,0.0,0.0,0.0,0.3643074319221133,0.0,0.0,0.0,0.0,0.0,0.0,0.0,0.0,0.0,0.0017598701279818,0.0,0.0,0.0,0.0,0.0,0.0,0.0,0.0,0.0,0.0,0.0,0.0,0.0,0.0,0.0,0.0,0.0,0.0,0.0,0.0,0.0,0.0,0.0,0.0,0.16949982083919649,0.0,0.0,0.0,0.0,0.009309321541665997,0.0,0.0,0.0,0.0,0.0,0.0,0.0,,0.0,1.0,0.0,0.0,0.0,0.0,0.0,,0.0,0.0,0.0,0.0,0.0,0.0,0.0,0.0,0.0,0.0,0.0,0.0022805121076865,0.0,0.0078494101219094,0.0,0.0,0.0002086158339416,0.012343315958456,0.0,0.0,0.0020462451401677,0.0058303176517892,0.0,0.0,0.0,0.0,0.0,0.0,0.0,0.0,0.0,0.0,0.0,0.0,0.0,0.0
SIL,0.0,0.0188867792545218,0.0,0.0,0.0,0.0,0.0,0.0,0.0,0.0,0.0,0.0,0.0,0.0,0.0221578588764846,0.0,0.0,0.0,0.0,0.0,0.0,0.0,0.0,0.0,0.0,0.0,0.0,0.0,0.0020380893655204,0.0372679520425577,0.0,0.0,0.0,0.0,0.0,0.18339826191189618,0.0,0.0,0.0,0.0,0.0,0.002708020490296948,0.0,0.0,0.0,0.0,0.0,0.0,0.0,0.0,0.0,0.0009237865113952,,0.0,0.0,1.0,0.0,0.0,0.0,0.0,,0.0,0.0,0.0,0.0,0.0,0.002708020490296948,0.0,0.0,0.0,0.002708020490296948,0.0,0.0,0.0,0.0,0.0,0.0,0.0023990820903301,0.0007446592216124,0.0,0.0,0.000306936771025,0.0,0.0,0.0,0.0,0.0,0.0,0.0,0.0,0.0,0.0,0.0,0.0,0.10615246048017259,0.0,0.0
SLV,0.0,0.0,0.0,0.0,0.0,0.0,0.0,0.0,0.0,0.0,0.0,0.0,0.0,0.0,0.0,0.0,0.0,0.0,0.0,0.0,0.0,0.0,0.0,0.0,0.0,0.0,0.0,0.0,0.0,0.0,0.0,0.0,0.0,0.0,0.0,0.0,0.5,0.0,0.0,0.0,0.0,0.0,0.0,0.0,0.0,0.0,0.0,0.0,0.5,0.0,0.0,0.0,,0.0,0.0,0.0,1.0,0.0,0.0,0.0,,0.0,0.0,0.0,0.0,0.0,0.0,0.0,0.0,0.0,0.0,0.0,0.0,0.0,0.0,0.0,0.0,0.0,0.0,0.0,0.0,0.0,0.0,0.0,0.0,0.0,0.0,0.0,0.0,0.0,0.0,0.0,0.0,0.0,0.0,0.0,0.0
SMH,0.0,0.0,0.0,0.0,0.0034477589566774,0.0,0.0,0.0,0.0,0.0,0.0,0.0,0.0,0.0,0.0,0.0,0.0,0.0,0.0,0.0,0.0,0.0,0.0,0.0491901619676064,0.0,0.0,0.0,0.0,0.0,0.0,0.0,0.0,0.0,0.0,0.0,0.0005998800239952,0.0,0.0,0.0,0.0,0.0,0.0,0.0,0.0,0.0067994184628481,0.0,0.3480075142930984,0.2030593881223754,0.0,0.0,0.39047877587984764,0.1804875181683351,,0.0,0.0,0.0,0.0,1.0,0.9999999999999989,0.9999999999999989,,0.39047877587984764,0.0,0.0,0.0,0.0,0.0,0.39047877587984764,0.0,0.0,0.0,0.0,0.18531888892095277,0.0,0.0739347340055162,0.0,0.0,0.019401272556586,0.0811112209055908,0.0,0.0,0.17055453243298058,0.09215852848730562,0.0,0.0,0.0,0.0,0.0,0.4781328595943935,0.0,0.0,0.0,0.0,0.0,0.0,0.0,0.0
SOXL,0.0,0.0,0.0,0.0,0.0034477589566774,0.0,0.0,0.0,0.0,0.0,0.0,0.0,0.0,0.0,0.0,0.0,0.0,0.0,0.0,0.0,0.0,0.0,0.0,0.0491901619676064,0.0,0.0,0.0,0.0,0.0,0.0,0.0,0.0,0.0,0.0,0.0,0.0005998800239952,0.0,0.0,0.0,0.0,0.0,0.0,0.0,0.0,0.0067994184628481,0.0,0.3480075142930984,0.2030593881223754,0.0,0.0,0.39047877587984764,0.1804875181683351,,0.0,0.0,0.0,0.0,0.9999999999999989,1.0,0.9999999999999989,,0.39047877587984764,0.0,0.0,0.0,0.0,0.0,0.39047877587984764,0.0,0.0,0.0,0.0,0.18531888892095277,0.0,0.0739347340055162,0.0,0.0,0.019401272556586,0.0811112209055908,0.0,0.0,0.17055453243298058,0.09215852848730562,0.0,0.0,0.0,0.0,0.0,0.4781328595943935,0.0,0.0,0.0,0.0,0.0,0.0,0.0,0.0
SOXS,0.0,0.0,0.0,0.0,0.0034477589566774,0.0,0.0,0.0,0.0,0.0,0.0,0.0,0.0,0.0,0.0,0.0,0.0,0.0,0.0,0.0,0.0,0.0,0.0,0.0491901619676064,0.0,0.0,0.0,0.0,0.0,0.0,0.0,0.0,0.0,0.0,0.0,0.0005998800239952,0.0,0.0,0.0,0.0,0.0,0.0,0.0,0.0,0.0067994184628481,0.0,0.3480075142930984,0.2030593881223754,0.0,0.0,0.39047877587984764,0.1804875181683351,,0.0,0.0,0.0,0.0,0.9999999999999989,0.9999999999999989,1.0,,0.39047877587984764,0.0,0.0,0.0,0.0,0.0,0.39047877587984764,0.0,0.0,0.0,0.0,0.18531888892095277,0.0,0.0739347340055162,0.0,0.0,0.019401272556586,0.0811112209055908,0.0,0.0,0.17055453243298058,0.09215852848730562,0.0,0.0,0.0,0.0,0.0,0.4781328595943935,0.0,0.0,0.0,0.0,0.0,0.0,0.0,0.0
SPLV,,,,,,,,,,,,,,,,,,,,,,,,,,,,,,,,,,,,,,,,,,,,,,,,,,,,,,,,,,,,,,,,,,,,,,,,,,,,,,,,,,,,,,,,,,,,,,,,,
SQQQ,0.0,0.0,0.0,0.0,0.0098935691800308,0.0,0.0,0.0,0.0,0.0,0.0,0.0,0.0,0.0,0.0,0.0,0.0,0.0,0.0,0.0,0.0,0.0,0.0,0.0,0.0,0.0,0.0,0.0,0.0,0.0,0.0,0.0,0.0,0.0,0.0,0.0,0.0,0.0,0.0,0.0,0.0,0.0,0.0,0.0,0.0193999264780922,0.0,0.38151566914197166,0.113488240294701,0.0,0.0178520827429866,0.9999999999999982,0.3942453120338338,,0.0,0.0,0.0,0.0,0.39047877587984764,0.39047877587984764,0.39047877587984764,,1.0,0.0,0.0,0.0,0.0,0.0,0.9999999999999982,0.0451969396429583,0.0,0.0,0.0,0.46292020983236365,0.0,0.1387401124616515,0.0,0.0,0.0,0.0970529895154433,0.0,0.0,0.41201145897277436,0.08259056473087609,0.0,0.0,0.0150184188155284,0.0,0.0,0.616332243658934,0.0590818928875034,0.0,0.0,0.0,0.10385378294134301,0.0,0.0,0.0
THD,0.0,0.0,0.0,0.0,0.0,0.0,0.0,0.0,0.0,0.0,0.0,0.0,0.0,0.0,0.0,0.0,0.0,0.0,0.0,0.0,0.0,0.0,0.0,0.0,0.0,0.0,0.0,0.0,0.0,0.0,0.0,0.0,0.0,0.0,0.0,0.0,0.0,0.0,0.0,0.0,0.0,0.0,0.0,0.0,0.0,0.0,0.0,0.0,0.0,0.0,0.0,0.0,,0.0,0.0,0.0,0.0,0.0,0.0,0.0,,0.0,1.0,0.0,0.0,0.0,0.0,0.0,0.0,0.0,0.0,0.0,0.0,0.0,0.0,0.0,0.0,0.00031292375091239997,0.0,0.0,0.0,0.0,0.0,0.0,0.0,0.0,0.0,0.0,0.0,0.0,0.0,0.0,0.0,0.0,0.0,0.0,0.0
TIP,0.0,0.0,0.0,0.0,0.0,0.0,0.0,0.0,0.0,0.0,0.0,0.0,0.0,0.0,0.0,0.0,0.0,0.0,0.0,0.0,0.0,0.0,0.0,0.0,0.0,0.0,0.0,0.0,0.0,0.0,0.0,0.0,0.0,0.0,0.0,0.0,0.0,0.0,0.0,0.0,0.0,0.0,0.0,0.0,0.0,0.0,0.0,0.0,0.0,0.0,0.0,0.0,,0.0,0.0,0.0,0.0,0.0,0.0,0.0,,0.0,0.0,1.0,0.0,0.0,0.0,0.0,0.0,0.0,0.0,0.0,0.0,0.0,0.0,0.0,0.0,0.0,0.0,0.0,0.0,0.0,0.0,0.0,0.0,0.0,0.0,0.0,0.0,0.0,0.0,0.0,0.0,0.0,0.0,0.0,0.0
TLT,0.0,0.0,0.0,0.0,0.13341708129642937,0.0,0.0,0.0,0.0,0.0,0.0,0.0,0.0,0.0,0.0,0.0,0.0,0.0,0.0,0.0,0.0,0.0,0.0,0.0,0.0,0.0,0.0,0.0,0.0,0.0,0.0,0.0,0.0,0.0,0.0,0.0,0.0,0.0,0.0,0.0,0.0,0.0,0.0,0.0,0.0,0.0,0.0,0.0,0.0,0.0,0.0,0.0,,0.0,0.0,0.0,0.0,0.0,0.0,0.0,,0.0,0.0,0.0,1.0,0.9999999999999978,0.0,0.0,0.0,0.0,0.0,0.0,0.0,0.0,0.0,0.0,0.0,0.0,0.0,0.0,0.0,0.0,0.0,0.0,0.0,0.0,0.0,0.0,0.0,0.0,0.0,0.0,0.0,0.0,0.0,0.0,0.0
TMF,0.0,0.0,0.0,0.0,0.13341708129642937,0.0,0.0,0.0,0.0,0.0,0.0,0.0,0.0,0.0,0.0,0.0,0.0,0.0,0.0,0.0,0.0,0.0,0.0,0.0,0.0,0.0,0.0,0.0,0.0,0.0,0.0,0.0,0.0,0.0,0.0,0.0,0.0,0.0,0.0,0.0,0.0,0.0,0.0,0.0,0.0,0.0,0.0,0.0,0.0,0.0,0.0,0.0,,0.0,0.0,0.0,0.0,0.0,0.0,0.0,,0.0,0.0,0.0,0.9999999999999978,1.0,0.0,0.0,0.0,0.0,0.0,0.0,0.0,0.0,0.0,0.0,0.0,0.0,0.0,0.0,0.0,0.0,0.0,0.0,0.0,0.0,0.0,0.0,0.0,0.0,0.0,0.0,0.0,0.0,0.0,0.0,0.0
TNA,0.0,0.0,0.0,0.0,0.0,0.000356474261866,0.0,0.0,0.0,0.0,0.0,0.0,0.0,0.0010728340225536,0.0013923866608996,0.0,0.0004108533921591,0.0,0.0009265521554552,0.0,0.0012770065873995,0.0,0.0,0.0,0.0001502950870462,0.0073267349977559,0.0,0.0,0.0001142764380144,0.0,0.0,0.0008309371901982,0.0044493566256605,0.0,0.0,0.0019704909943846,0.0,0.0,0.0,0.0,0.0,0.9999999999999283,0.012070260645591994,0.0,0.0,0.0,0.0,0.0,0.0,0.0,0.0,0.0,,0.0,0.0,0.002708020490296948,0.0,0.0,0.0,0.0,,0.0,0.0,0.0,0.0,0.0,1.0,0.0,0.0,0.0,0.9999999999999283,0.0,0.0,0.0039101805256695,0.0,0.0,0.0,0.009444576980278096,0.0,0.056989930530155775,0.0019799174432818,0.026601186822158562,0.026336952151168585,0.09417502193976632,0.0,0.0,0.0,0.0,0.0,0.0,0.0,0.0,0.0,0.0,0.017965179096460403,0.0,0.0
TQQQ,0.0,0.0,0.0,0.0,0.0098935691800308,0.0,0.0,0.0,0.0,0.0,0.0,0.0,0.0,0.0,0.0,0.0,0.0,0.0,0.0,0.0,0.0,0.0,0.0,0.0,0.0,0.0,0.0,0.0,0.0,0.0,0.0,0.0,0.0,0.0,0.0,0.0,0.0,0.0,0.0,0.0,0.0,0.0,0.0,0.0,0.0193999264780922,0.0,0.38151566914197166,0.113488240294701,0.0,0.0178520827429866,0.9999999999999982,0.3942453120338338,,0.0,0.0,0.0,0.0,0.39047877587984764,0.39047877587984764,0.39047877587984764,,0.9999999999999982,0.0,0.0,0.0,0.0,0.0,1.0,0.0451969396429583,0.0,0.0,0.0,0.46292020983236365,0.0,0.1387401124616515,0.0,0.0,0.0,0.0970529895154433,0.0,0.0,0.41201145897277436,0.08259056473087609,0.0,0.0,0.0150184188155284,0.0,0.0,0.616332243658934,0.0590818928875034,0.0,0.0,0.0,0.10385378294134301,0.0,0.0,0.0
TSLA,0.0,0.0,0.0,0.0,0.0,0.0,0.0,0.0,0.0,0.0,0.0,0.0,0.0,0.0,0.0,0.0,0.0,0.0,0.0,0.0,0.0,0.0,0.0,0.0,0.0,0.0,0.0,0.0,0.0,0.0,0.0,0.0,0.0,0.0,0.0,0.0,0.0,0.0,0.0,0.0,0.0,0.0,0.0,0.0,0.0,0.0,0.0,0.0,0.0,0.0,0.0451969396429583,0.0,,0.0,0.0,0.0,0.0,0.0,0.0,0.0,,0.0451969396429583,0.0,0.0,0.0,0.0,0.0,0.0451969396429583,1.0,0.0,0.0,0.0,0.0172027909243654,0.0,0.0,0.0,0.0,0.0,0.0,0.0,0.0,0.0166768978923671,0.0,0.0,0.0,0.0,0.0,0.0,0.0,0.0,0.0,0.0,0.0,0.1874440059720023,0.0,0.0,0.0
TUR,0.0,0.0,0.0,0.0,0.0,0.0,0.0,0.0,0.0,0.0,0.0,0.0,0.0,0.0,0.0,0.0,0.0,0.0,0.0,0.0,0.0,0.0,0.0,0.0,0.0,0.0,0.0,0.0,0.0,0.0,0.0,0.0,0.0,0.0,0.0,0.0,0.0,0.0,0.0,0.0,0.0,0.0,0.0,0.0,0.0,0.0,0.0,0.0,0.0,0.0,0.0,0.0,,0.0,0.0,0.0,0.0,0.0,0.0,0.0,,0.0,0.0,0.0,0.0,0.0,0.0,0.0,0.0,1.0,0.0,0.0,0.0,0.0,0.0,0.0,0.0,0.0014603108375913997,0.0,0.0,0.0041004613018963,0.0,0.0,0.0,0.0,0.0,0.0,0.0,0.0,0.0,0.0,0.0,0.0,0.0,0.0,0.0,0.0
TZA,0.0,0.0,0.0,0.0,0.0,0.000356474261866,0.0,0.0,0.0,0.0,0.0,0.0,0.0,0.0010728340225536,0.0013923866608996,0.0,0.0004108533921591,0.0,0.0009265521554552,0.0,0.0012770065873995,0.0,0.0,0.0,0.0001502950870462,0.0073267349977559,0.0,0.0,0.0001142764380144,0.0,0.0,0.0008309371901982,0.0044493566256605,0.0,0.0,0.0019704909943846,0.0,0.0,0.0,0.0,0.0,0.9999999999999283,0.012070260645591994,0.0,0.0,0.0,0.0,0.0,0.0,0.0,0.0,0.0,,0.0,0.0,0.002708020490296948,0.0,0.0,0.0,0.0,,0.0,0.0,0.0,0.0,0.0,0.9999999999999283,0.0,0.0,0.0,1.0,0.0,0.0,0.0039101805256695,0.0,0.0,0.0,0.009444576980278096,0.0,0.056989930530155775,0.0019799174432818,0.026601186822158562,0.026336952151168585,0.09417502193976632,0.0,0.0,0.0,0.0,0.0,0.0,0.0,0.0,0.0,0.0,0.017965179096460403,0.0,0.0
UNG,0.0,0.0,0.0,0.0,0.0,0.0,0.0,0.0,0.0,0.0,0.0,0.0,0.0,0.0,0.0,0.0,0.0,0.0,0.0,0.0,0.0,0.0,0.0,0.0,0.0,0.0,0.0,0.0,0.0,0.0,0.0,0.0,0.0,0.0,0.0,0.0,0.0,0.0,0.0,0.0,0.0,0.0,0.0,0.0,0.0,0.0,0.0,0.0,0.5,0.0,0.0,0.0,,0.0,0.0,0.0,0.0,0.0,0.0,0.0,,0.0,0.0,0.0,0.0,0.0,0.0,0.0,0.0,0.0,0.0,1.0,0.0,0.0,0.0,0.5,0.0,0.0,0.0,0.0,0.0,0.0,0.0,0.0,0.0,0.0,0.0,0.0,0.0,0.0,0.0,0.0,0.0,0.0,0.0,0.0,0.0
UPRO,0.0,0.0,0.0,0.0,0.0919466555093999,0.0013735779239934,0.0,0.0,0.0,0.0,0.0,0.0,0.0,0.0011822910654507,0.0028077894399982997,0.000481173124527,0.0066394275783342995,0.0,0.0,0.0,0.0,0.0010978202316364,0.0,0.0,0.0,0.0022358217258581998,0.0,0.0,0.0014735801685326999,0.0,0.0,0.0,0.0,0.0008415018533482,0.0,0.0015601552579937,0.0,0.0,0.0,0.0,0.0004564230700168,0.0,0.0135928902612637,0.0,0.13572746035432592,0.0,0.2926996280980793,0.0791221165685482,0.0,0.0047355772313927,0.46292020983236365,0.4390704341476006,,0.0,0.0022805121076865,0.0,0.0,0.18531888892095277,0.18531888892095277,0.18531888892095277,,0.46292020983236365,0.0,0.0,0.0,0.0,0.0,0.46292020983236365,0.0172027909243654,0.0,0.0,0.0,1.0,0.0,0.35026319081041507,0.0,0.0,0.0076046673709548014,0.13033909779136646,0.018434481896185403,0.0011463267576826,0.8882586267697573,0.34848176953068694,0.0160953512383439,0.0317490091961974,0.018139084484459795,0.12223631071478604,0.086424284472914,0.3749937874357061,0.04540853421960451,0.018434481896185403,0.02199217697872019,0.08804145503866724,0.09224906450805875,0.004244083233932,0.0,0.0
URA,0.0,0.0,0.0,0.0,0.0001499025633338,0.0316904928521443,0.0,0.0,0.0,0.0,0.0,0.0,0.0,0.0316904928521443,0.0130723325573968,0.0,0.0,0.0,0.0,0.0272490348922194,0.0,0.0,0.0,0.0,0.0,0.0,0.0,0.0,0.0,0.0,0.026630033796889697,0.0,0.0126961911426572,0.0,0.0,0.0,0.0,0.0,0.0,0.0,0.0,0.0039101805256695,0.0,0.0,0.0005311479927564,0.0,0.0,0.0,0.0,0.0,0.0,0.0,,0.0,0.0,0.0,0.0,0.0,0.0,0.0,,0.0,0.0,0.0,0.0,0.0,0.0039101805256695,0.0,0.0,0.0,0.0039101805256695,0.0,0.0,1.0,0.0,0.0,0.0,0.011578178783768602,0.0,0.0,0.0,0.0002046245140166,0.0,0.0,0.0,0.0,0.0,0.0,0.0,0.0,0.0,0.0,0.0,0.0,0.0834602695868848,0.0,0.0
USMV,0.0,0.0035934462866302,0.0,0.0,0.041414460608018,0.0,0.0,0.0,0.0,0.0,0.0,0.0,0.0,0.0056619599397321,0.0059971968997327,0.0,0.012823110869808,0.0,0.0,0.0,0.0,0.0088895787051709,0.0,0.0,0.0,0.0007192303333639,0.0,0.0,0.0,0.0,0.0,0.0,0.0,0.0,0.0,0.0123605814884059,0.0,0.0,0.0,0.0,0.0,0.0,0.0027533756381315,0.0,0.0721882433432063,0.0,0.18548894926003204,0.0141474350039924,0.0,0.0093510965256605,0.1387401124616515,0.28887625646208503,,0.0,0.0078494101219094,0.0,0.0,0.0739347340055162,0.0739347340055162,0.0739347340055162,,0.1387401124616515,0.0,0.0,0.0,0.0,0.0,0.1387401124616515,0.0,0.0,0.0,0.0,0.35026319081041507,0.0,1.0,0.0,0.0,0.011152628172920998,0.1299491676068576,0.0268078126971105,0.0,0.33603029295043196,0.294070186005765,0.045719160766552296,0.0256339782926303,0.022356460292583702,0.1112891916407866,0.0522815238335745,0.2513696566109342,0.0929352202725555,0.024691303595460103,0.07194477657717839,0.11790190734767081,0.0501050439008052,0.0123605814884059,0.0,0.0
USO,0.0,0.0,0.0,0.0,0.0,0.0,0.0,0.0,0.0,0.0,0.0,0.0,0.0,0.0,0.0,0.0,0.0,0.0,0.0,0.0,0.0,0.0,0.0,0.0,0.0,0.0,0.0,0.0,0.0,0.0,0.0,0.0,0.0,0.0,0.0,0.0,0.0,0.0,0.0,0.0,0.0,0.0,0.0,0.0,0.0,0.0,0.0,0.0,0.5,0.0,0.0,0.0,,0.0,0.0,0.0,0.0,0.0,0.0,0.0,,0.0,0.0,0.0,0.0,0.0,0.0,0.0,0.0,0.0,0.0,0.5,0.0,0.0,0.0,1.0,0.0,0.0,0.0,0.0,0.0,0.0,0.0,0.0,0.0,0.0,0.0,0.0,0.0,0.0,0.0,0.0,0.0,0.0,0.0,0.0,0.0
UVXY,0.0,0.0,0.0,0.0,0.0,0.0,0.0,0.0,0.0,0.0,0.0,0.0,0.0,0.0,0.0,0.0,0.0,0.0,0.0,0.0,0.0,0.0,0.0,0.0,0.0,0.0,0.0,0.0,0.0,0.0,0.0,0.0,0.0,0.0,0.0,0.0,0.0,0.0,0.0,0.0,0.0,0.0,0.0,0.0,0.0,0.0,0.0,0.0,0.0,0.0,0.0,0.0,,0.0,0.0,0.0,0.0,0.0,0.0,0.0,,0.0,0.0,0.0,0.0,0.0,0.0,0.0,0.0,0.0,0.0,0.0,0.0,0.0,0.0,0.0,1.0,0.0,0.0,0.0,0.0,0.0,0.0,0.0,0.0,0.0,0.0,0.0,0.0,0.0,0.0,0.0,0.0,0.0,0.0,0.0,0.0
VEU,0.0,0.0001043079169708,0.0,0.0,0.006322144908509302,0.011682486700738699,0.0,0.0,0.0,0.0013560029206206997,0.0012516950036501,0.0002086158339417,0.0028163137582133007,0.03890685303013945,0.08355389612740223,0.01668926671533979,0.04756441013872408,0.009387712527378494,0.019192656722642695,0.13424428914152756,0.006780014603107001,0.05194534265150248,0.0037550850109503023,0.03327422551371312,0.02545113174089629,0.05945551267340518,0.0080317096067578,0.0869928027537189,0.0789610931469619,0.005736935433397003,0.07282106350410417,0.008970480859493495,0.011160947115883195,0.0,0.037237926358605344,0.0083446333576705,0.0,0.0,0.0,0.0,0.03921977678104195,0.009444576980278096,0.0013560029206216,0.022217586314798782,0.007252100291425199,0.0,0.0012516950036501999,0.0,0.0,0.0,0.0,0.0010430791697085,,0.0,0.0002086158339416,0.0023990820903301,0.0,0.019401272556586,0.019401272556586,0.019401272556586,,0.0,0.00031292375091239997,0.0,0.0,0.0,0.009444576980278096,0.0,0.0,0.0014603108375913997,0.009444576980278096,0.0,0.0076046673709548014,0.011578178783768602,0.011152628172920998,0.0,0.0,1.0,0.006960902598110499,0.0005140298343713999,0.02071955140430524,0.011420521646727102,0.012900544812786893,0.000938771252738,0.0009387712527376999,0.00031292375091239997,0.0030249295921554002,0.0001043079169708,0.0025257688689385,0.0038593929279228,0.0,0.0031292375091267,0.0005215395848544,0.000938771252738,0.0018775425054758,0.037237926358605344,0.037237926358605344
VLUE,0.0,0.0,0.0,0.0,0.043171938240135155,0.0,0.0,0.0,0.0,0.0,0.0,0.0,0.0,0.0,0.0040698784622671,0.0015578262891787,0.0019591629031232,0.0,0.0,0.0,0.0,0.0052202376790945,0.0,0.0,0.0,0.0,0.0,0.0,0.008168655934557501,0.0,0.0,0.0,0.0,0.0198800139743969,0.0,0.0062532718013179,0.0,0.0,0.0,0.0,0.0,0.0,0.042199930368745406,0.0,0.08650045690067172,0.0037487734036292,0.17636785956983808,0.0,0.0,0.0,0.0970529895154433,0.0424237349456206,,0.0,0.012343315958456,0.0007446592216124,0.0,0.0811112209055908,0.0811112209055908,0.0811112209055908,,0.0970529895154433,0.0,0.0,0.0,0.0,0.0,0.0970529895154433,0.0,0.0,0.0,0.0,0.13033909779136646,0.0,0.1299491676068576,0.0,0.0,0.006960902598110499,1.0,0.0169746995409368,0.0002050230650948,0.12113771229792206,0.23704003717206606,0.0045553203865206,0.0307827919123827,0.0162831013010367,0.11100909047960479,0.07926000510740498,0.14826242628703243,0.044563501206309294,0.0144851464859233,0.0206343024100815,0.0769293960948116,0.0712821275074179,0.008742925160644701,0.0,0.0
VNQ,0.0,0.0,0.0,0.0,0.0014990256333380003,0.0,0.0,0.0,0.0,0.0,0.0,0.0,0.0,0.0,0.0,0.0,0.0,0.0,0.0,0.0,0.0,0.0,0.0,0.0,0.0,0.0,0.0,0.0,0.000201106083459,0.0,0.0,0.0,0.0027149321266968,0.0,0.0,0.0,0.0,0.0,0.0,0.0,0.0,0.056989930530155775,0.0,0.0,0.0015064447331005772,0.0,0.013600832249695499,0.0,0.0,0.0,0.0,0.0177230635027626,,0.0,0.0,0.0,0.0,0.0,0.0,0.0,,0.0,0.0,0.0,0.0,0.0,0.056989930530155775,0.0,0.0,0.0,0.056989930530155775,0.0,0.018434481896185403,0.0,0.0268078126971105,0.0,0.0,0.0005140298343713999,0.0169746995409368,1.0,0.000603318250377,0.02138326171474752,0.0001005227181342,0.0,0.0,0.0,0.0,0.0,0.0,0.0,0.6278531925590733,0.0,0.0,0.0,0.0,0.0,0.0
VNQI,0.0,0.0,0.0,0.0,0.0005048281917624,0.0,0.0,0.0,0.0,0.0060481804202972,0.001025115325474,0.0,0.0,0.050192847012777805,0.0,0.0069707842132238,0.0091607243834041,0.0643772424397738,0.0,0.020222184595466798,0.017631983598154502,0.0092992422302564,0.0,0.0021527421834955,0.0,0.0134079295773939,0.0187596104561761,0.003997949769349,0.0066190121806035,0.016184640925854896,0.0,0.0,0.006355715017939301,0.0,0.0106611993849307,0.0,0.0,0.0,0.0,0.0,0.014791019624143,0.0019799174432818,0.0,0.0,0.0,0.0,0.0,0.0,0.0,0.0,0.0,0.0,,0.0,0.0,0.0,0.0,0.0,0.0,0.0,,0.0,0.0,0.0,0.0,0.0,0.0019799174432818,0.0,0.0,0.0041004613018963,0.0019799174432818,0.0,0.0011463267576826,0.0,0.0,0.0,0.0,0.02071955140430524,0.0002050230650948,0.000603318250377,1.0,0.0015350824062033,0.0036247842960736004,0.0,0.0,0.0,0.0002050230650948,0.0,0.0,0.0,0.0,0.0025627883136852,0.0,0.0,0.0,0.0106611993849307,0.0106611993849307
VTI,0.0,0.0,0.0,0.0,0.08979821495400249,0.0012277470841006,0.0,0.0,0.0,0.0,0.0,0.0,0.0,0.0012277470841003998,0.0032945539831072002,0.0005115612850419,0.0064456721915282,0.0,0.0001023122570083,0.0,0.0001023122570083,0.0011254348270921,0.0,0.0,0.0,0.0023531819111922998,0.0,0.0,0.0022508696541841,0.0,0.0,0.0,0.0005115612850415,0.0007161857990587,0.0,0.0019439328831591,0.0,0.0001023122570083,0.0,0.0,0.0004092490280335,0.026601186822158562,0.014119091467155401,0.0,0.12858676003960193,0.0004092490280335,0.28524648026626204,0.0646613464293007,0.0,0.0035809289952935,0.41201145897277436,0.4067636162494705,,0.0,0.0020462451401677,0.000306936771025,0.0,0.17055453243298058,0.17055453243298058,0.17055453243298058,,0.41201145897277436,0.0,0.0,0.0,0.0,0.026601186822158562,0.41201145897277436,0.0166768978923671,0.0,0.026601186822158562,0.0,0.8882586267697573,0.0002046245140166,0.33603029295043196,0.0,0.0,0.011420521646727102,0.12113771229792206,0.02138326171474752,0.0015350824062033,1.0,0.33291871568863884,0.021587886228766007,0.027215060364229698,0.01647227337834881,0.1042561898915423,0.08144055657867158,0.3378350726416907,0.04092490280335277,0.0164722733783484,0.020155514630650694,0.08184980560670656,0.08358911397584964,0.005627174135460101,0.0,0.0
VYM,0.0,0.0,0.0,0.0,0.07908505430455352,0.00070365902694,0.0,0.0,0.0,0.0,0.0,0.0,0.0,0.003116204262163,0.0037703244906675997,0.0016083634901486,0.0146325197962251,0.0,0.0003015681544027,0.0,0.0002010454362685,0.0019099316445515,0.0,0.0,0.0,0.0042833466842723995,0.0,0.0,0.0038198632891030997,0.0,0.0,0.00040209087253700003,0.000402090872537,0.0023120225170888,0.0,0.0042219541616404,0.0,0.0,0.0,0.0,0.0012062726176115,0.026336952151168585,0.0194008845999186,0.0,0.16194514686337982,0.0,0.29982184836505166,0.0,0.0,0.0,0.08259056473087609,0.1629344380102716,,0.0,0.0058303176517892,0.0,0.0,0.09215852848730562,0.09215852848730562,0.09215852848730562,,0.08259056473087609,0.0,0.0,0.0,0.0,0.026336952151168585,0.08259056473087609,0.0,0.0,0.026336952151168585,0.0,0.34848176953068694,0.0,0.294070186005765,0.0,0.0,0.012900544812786893,0.23704003717206606,0.0001005227181342,0.0036247842960736004,0.33291871568863884,1.0,0.0243660833889154,0.07911137917169128,0.031664656212302494,0.18144350623240424,0.1199236027342151,0.1422568481391986,0.07891033373542178,0.0,0.05207076799356449,0.1302774427020489,0.05548854041013079,0.0071371129875348,0.0,0.0
XBI,0.0,0.0,0.0,0.0,0.004946784590015402,0.0,0.0,0.0,0.0,0.0,0.0,0.0,0.0,0.0,0.0,0.0,0.0,0.0,0.0,0.0,0.0,0.0,0.0,0.0,0.0,0.0,0.0,0.0,0.0,0.0,0.0,0.0,0.0,0.0,0.0,0.0,0.0,0.0,0.0,0.0,0.0,0.09417502193976632,0.0,0.0,0.014573027317258928,0.0,0.0045938693755153,0.0,0.0,0.0,0.0,0.0110244598161878,,0.0,0.0,0.0,0.0,0.0,0.0,0.0,,0.0,0.0,0.0,0.0,0.0,0.09417502193976632,0.0,0.0,0.0,0.09417502193976632,0.0,0.0160953512383439,0.0,0.045719160766552296,0.0,0.0,0.000938771252738,0.0045553203865206,0.0,0.0,0.021587886228766007,0.0243660833889154,1.0,0.0,0.0,0.0,0.0,0.0,0.0,0.0,0.0,0.0638348380040326,0.0,0.0,0.0,0.0
XLE,0.0,0.0,0.0,0.0,0.0026982461400084003,0.0,0.0,0.0,0.0,0.0,0.0,0.0,0.0,0.0064937375801429,0.0,0.0191203992957379,0.0,0.0,0.0,0.0,0.0,0.0,0.0,0.0,0.0,0.0,0.0,0.0,0.0,0.0,0.0,0.0,0.0,0.0,0.0,0.0,0.0,0.0,0.0,0.0,0.0056785741051362,0.0,0.0,0.0,0.0059708638019266005,0.0,0.10276347858831791,0.0,0.0,0.0,0.0,0.0308623395889678,,0.0,0.0,0.0,0.0,0.0,0.0,0.0,,0.0,0.0,0.0,0.0,0.0,0.0,0.0,0.0,0.0,0.0,0.0,0.0317490091961974,0.0,0.0256339782926303,0.0,0.0,0.0009387712527376999,0.0307827919123827,0.0,0.0,0.027215060364229698,0.07911137917169128,0.0,1.0,0.0,0.0,0.0,0.0,0.0,0.0,0.0,0.0,0.0,0.0,0.0,0.0
XLB,0.0,0.0,0.0,0.0,0.0005996102533352,0.0474521974171588,0.0,0.0,0.0,0.0,0.0,0.0,0.0,0.0,0.0,0.0,0.0019591629031232,0.0,0.0,0.0,0.0,0.0,0.0,0.0,0.0,0.0,0.0,0.0,0.0,0.0,0.0,0.0,0.0,0.0,0.0,0.0596499355001484,0.0,0.0,0.0,0.0,0.0,0.0,0.0,0.0,0.0008222182997128,0.0,0.020568911493992002,0.0,0.0,0.0,0.0150184188155284,0.0174722413467857,,0.0,0.0,0.0,0.0,0.0,0.0,0.0,,0.0150184188155284,0.0,0.0,0.0,0.0,0.0,0.0150184188155284,0.0,0.0,0.0,0.0,0.018139084484459795,0.0,0.022356460292583702,0.0,0.0,0.00031292375091239997,0.0162831013010367,0.0,0.0,0.01647227337834881,0.031664656212302494,0.0,0.0,1.0,0.0,0.0,0.0,0.0,0.0,0.0,0.0,0.0,0.1648103408523525,0.0,0.0
XLF,0.0,0.0,0.0,0.0,0.03117973317343072,0.0,0.0,0.0,0.0,0.0,0.0,0.0,0.0,0.0081308098223311,0.0051460220599528,0.0,0.0,0.0,0.0,0.0,0.0,0.004565257085272,0.0,0.0,0.0,0.0,0.0,0.0,0.0050253991762441,0.0,0.0,0.0,0.0,0.0,0.0,0.0,0.0,0.0,0.0,0.0,0.0,0.0,0.0,0.0,0.07070353221963643,0.0,0.051891084836436896,0.0,0.0,0.0,0.0,0.11399561596914982,,0.0,0.0,0.0,0.0,0.0,0.0,0.0,,0.0,0.0,0.0,0.0,0.0,0.0,0.0,0.0,0.0,0.0,0.0,0.12223631071478604,0.0,0.1112891916407866,0.0,0.0,0.0030249295921554002,0.11100909047960479,0.0,0.0002050230650948,0.1042561898915423,0.18144350623240424,0.0,0.0,0.0,1.0,0.0,0.0,0.0,0.0,0.0,0.0,0.0,0.0,0.0,0.0
XLI,0.0,0.0,0.0,0.0,0.005546394843350802,0.0,0.0,0.0,0.0,0.0,0.0,0.0,0.0,0.0,0.0,0.0,0.0,0.0,0.0,0.0,0.0,0.0,0.0,0.0,0.0,0.0018708014490496,0.0,0.0,0.0,0.0,0.0,0.0,0.0,0.0,0.0,0.0,0.0,0.0,0.0,0.0,0.0,0.0,0.1572838092056255,0.0,0.0097010695878285,0.0,0.13635756227233387,0.0,0.0,0.0,0.0,0.08784803201231588,,0.0,0.0,0.0,0.0,0.0,0.0,0.0,,0.0,0.0,0.0,0.0,0.0,0.0,0.0,0.0,0.0,0.0,0.0,0.086424284472914,0.0,0.0522815238335745,0.0,0.0,0.0001043079169708,0.07926000510740498,0.0,0.0,0.08144055657867158,0.1199236027342151,0.0,0.0,0.0,0.0,1.0,0.0,0.0,0.0,0.0,0.0,0.0,0.0,0.0,0.0
XLK,0.0,0.0,0.0,0.0,0.011542497376702605,0.0,0.0,0.0,0.0,0.0,0.0,0.0,0.0,0.0,0.0,0.0,0.0,0.0,0.0,0.0,0.0,0.0023171530349968,0.0,0.0,0.0,0.0,0.0,0.0,0.0,0.0,0.0,0.0,0.0,0.0,0.0,0.0,0.0,0.0,0.0,0.0,0.0,0.0,0.0,0.0,0.024827673604979002,0.0,0.40479657121946094,0.1391609500824813,0.0,0.0203363320965469,0.616332243658934,0.3362606931219214,,0.0,0.0,0.0,0.0,0.4781328595943935,0.4781328595943935,0.4781328595943935,,0.616332243658934,0.0,0.0,0.0,0.0,0.0,0.616332243658934,0.0,0.0,0.0,0.0,0.3749937874357061,0.0,0.2513696566109342,0.0,0.0,0.0025257688689385,0.14826242628703243,0.0,0.0,0.3378350726416907,0.1422568481391986,0.0,0.0,0.0,0.0,0.0,1.0,0.0,0.0,0.0,0.0,0.0,0.0,0.0,0.0
XLP,0.0,0.0,0.0,0.0,0.004347174336680201,0.0,0.0,0.0,0.0,0.0,0.0,0.0,0.0,0.0,0.0,0.0,0.0,0.0,0.0,0.0,0.0,0.0,0.0,0.0,0.0,0.0301749462283949,0.0,0.0,0.0039652030789389,0.0,0.0,0.0,0.0,0.0,0.0,0.0,0.0,0.0,0.0,0.0,0.0,0.0,0.0,0.0,0.006334651397040998,0.0,0.038574929548957894,0.0,0.0,0.0,0.0590818928875034,0.0432898014209445,,0.0,0.0,0.0,0.0,0.0,0.0,0.0,,0.0590818928875034,0.0,0.0,0.0,0.0,0.0,0.0590818928875034,0.0,0.0,0.0,0.0,0.04540853421960451,0.0,0.0929352202725555,0.0,0.0,0.0038593929279228,0.044563501206309294,0.0,0.0,0.04092490280335277,0.07891033373542178,0.0,0.0,0.0,0.0,0.0,0.0,1.0,0.0,0.0,0.0,0.0,0.0,0.0,0.0
XLRE,0.0,0.0,0.0,0.0,0.0013491230700042002,0.0,0.0,0.0,0.0,0.0,0.0,0.0,0.0,0.0,0.0,0.0,0.0,0.0,0.0,0.0,0.0,0.0,0.0,0.0,0.0,0.0,0.0,0.0,0.0,0.0,0.0,0.0,0.0,0.0,0.0,0.0,0.0,0.0,0.0,0.0,0.0,0.0,0.0,0.0,0.0015064447331005772,0.0,0.013600832249695499,0.0,0.0,0.0,0.0,0.0177230635027626,,0.0,0.0,0.0,0.0,0.0,0.0,0.0,,0.0,0.0,0.0,0.0,0.0,0.0,0.0,0.0,0.0,0.0,0.0,0.018434481896185403,0.0,0.024691303595460103,0.0,0.0,0.0,0.0144851464859233,0.6278531925590733,0.0,0.0164722733783484,0.0,0.0,0.0,0.0,0.0,0.0,0.0,0.0,1.0,0.0,0.0,0.0,0.0,0.0,0.0
XLU,0.0,0.0,0.0,0.0,0.0050966871533492004,0.0,0.0,0.0,0.0,0.0,0.0,0.0,0.0,0.0,0.0095195026118293,0.0,0.0217487843890282,0.0,0.0,0.0,0.0,0.0,0.0,0.0,0.0,0.0,0.0,0.0,0.0,0.0,0.0,0.0,0.0,0.0,0.0,0.0,0.0,0.0,0.0,0.0,0.0,0.0,0.0,0.0,0.0054336811794473,0.0,0.0061758084440351,0.0,0.0,0.0,0.0,0.0211445580703853,,0.0,0.0,0.0,0.0,0.0,0.0,0.0,,0.0,0.0,0.0,0.0,0.0,0.0,0.0,0.0,0.0,0.0,0.0,0.02199217697872019,0.0,0.07194477657717839,0.0,0.0,0.0031292375091267,0.0206343024100815,0.0,0.0025627883136852,0.020155514630650694,0.05207076799356449,0.0,0.0,0.0,0.0,0.0,0.0,0.0,0.0,1.0,0.0,0.0,0.0,0.0,0.0
XLV,0.0,0.0,0.0,0.0,0.015290061460047608,0.0,0.0,0.0,0.0,0.0,0.0,0.0,0.0,0.0,0.0,0.0,0.0108639479666848,0.0,0.0,0.0,0.0,0.0,0.0,0.0,0.0,0.0,0.0,0.0,0.0,0.0,0.0,0.0,0.0,0.0,0.0,0.0,0.0,0.0,0.0,0.0,0.0,0.0,0.0,0.0,0.038964698924776234,0.0,0.034028005846888296,0.0,0.0,0.0,0.0,0.0889860937387976,,0.0,0.0,0.0,0.0,0.0,0.0,0.0,,0.0,0.0,0.0,0.0,0.0,0.0,0.0,0.0,0.0,0.0,0.0,0.08804145503866724,0.0,0.11790190734767081,0.0,0.0,0.0005215395848544,0.0769293960948116,0.0,0.0,0.08184980560670656,0.1302774427020489,0.0638348380040326,0.0,0.0,0.0,0.0,0.0,0.0,0.0,0.0,1.0,0.0,0.0,0.0,0.0
XLY,0.0,0.0,0.0,0.0,0.006895517913354801,0.0,0.0,0.0,0.0,0.0,0.0,0.0,0.0,0.0,0.0,0.0,0.0,0.0,0.0,0.0,0.0,0.0,0.0,0.0,0.0,0.0,0.0,0.0,0.0040383770397322,0.0,0.0,0.0,0.0,0.0137546929174337,0.0,0.0,0.0,0.0,0.0,0.0,0.0,0.0,0.0,0.0,0.009850426673464401,0.0,0.024919344029806206,0.0,0.0,0.0,0.10385378294134301,0.0973627108625163,,0.0,0.0,0.0,0.0,0.0,0.0,0.0,,0.10385378294134301,0.0,0.0,0.0,0.0,0.0,0.10385378294134301,0.1874440059720023,0.0,0.0,0.0,0.09224906450805875,0.0,0.0501050439008052,0.0,0.0,0.000938771252738,0.0712821275074179,0.0,0.0,0.08358911397584964,0.05548854041013079,0.0,0.0,0.0,0.0,0.0,0.0,0.0,0.0,0.0,0.0,1.0,0.0,0.0,0.0
XME,0.0,0.0,0.0,0.0,0.0001499025633338,0.049442471368791596,0.0,0.0,0.0,0.0,0.0,0.0,0.0,0.0,0.0211638646551477,0.0,0.0019591629031232,0.0,0.0,0.0,0.0,0.0,0.0,0.0,0.006568484650266,0.0,0.0,0.0,0.0,0.0,0.0,0.0,0.0,0.0,0.0,0.10048831090572449,0.0,0.0,0.0,0.0,0.0,0.017965179096460403,0.0,0.0,0.0004211165774798,0.0,0.013990911758049101,0.0,0.0,0.0,0.0,0.0009237865113952,,0.0,0.0,0.10615246048017259,0.0,0.0,0.0,0.0,,0.0,0.0,0.0,0.0,0.0,0.017965179096460403,0.0,0.0,0.0,0.017965179096460403,0.0,0.004244083233932,0.0834602695868848,0.0123605814884059,0.0,0.0,0.0018775425054758,0.008742925160644701,0.0,0.0,0.005627174135460101,0.0071371129875348,0.0,0.0,0.1648103408523525,0.0,0.0,0.0,0.0,0.0,0.0,0.0,0.0,1.0,0.0,0.0
YANG,0.0,0.0,0.0,0.0,0.0,0.0202147009327549,0.0,0.0,0.0,0.0,0.0,0.0,0.0,0.0,0.0,0.0,0.0,0.0,0.0,0.0,0.0,0.0,0.0,0.0,0.0,0.0,0.0,0.0,0.0,0.0,0.0,0.0,0.0,0.0,0.9999999999999978,0.0,0.0,0.0,0.0,0.0,0.0,0.0,0.0,0.3598850564227171,0.0,0.0,0.0,0.0,0.0,0.0,0.0,0.0,,0.0,0.0,0.0,0.0,0.0,0.0,0.0,,0.0,0.0,0.0,0.0,0.0,0.0,0.0,0.0,0.0,0.0,0.0,0.0,0.0,0.0,0.0,0.0,0.037237926358605344,0.0,0.0,0.0106611993849307,0.0,0.0,0.0,0.0,0.0,0.0,0.0,0.0,0.0,0.0,0.0,0.0,0.0,0.0,1.0,0.9999999999999978
YINN,0.0,0.0,0.0,0.0,0.0,0.0202147009327549,0.0,0.0,0.0,0.0,0.0,0.0,0.0,0.0,0.0,0.0,0.0,0.0,0.0,0.0,0.0,0.0,0.0,0.0,0.0,0.0,0.0,0.0,0.0,0.0,0.0,0.0,0.0,0.0,0.9999999999999978,0.0,0.0,0.0,0.0,0.0,0.0,0.0,0.0,0.3598850564227171,0.0,0.0,0.0,0.0,0.0,0.0,0.0,0.0,,0.0,0.0,0.0,0.0,0.0,0.0,0.0,,0.0,0.0,0.0,0.0,0.0,0.0,0.0,0.0,0.0,0.0,0.0,0.0,0.0,0.0,0.0,0.0,0.037237926358605344,0.0,0.0,0.0106611993849307,0.0,0.0,0.0,0.0,0.0,0.0,0.0,0.0,0.0,0.0,0.0,0.0,0.0,0.0,0.9999999999999978,1.0
