entity,type_label,roster_tickers,tiingo_symbols_fetched,first_data,last_data,death_date,death_mechanism,matched_counterpart,reaches_death_within_30d,q_stub_tail,coverage_verdict,notes
Enron,fraud_collapse,ENE / ENRNQ,(none - not in Tiingo),,,2001-12-02,Ch11 accounting fraud,Williams (WMB),NO,NO,MISSING,Absent from Tiingo free tier; candidate for EODHD/AV/FMP backstop
WorldCom,fraud_collapse,WCOM / WCOEQ,(none - not in Tiingo),,,2002-07-21,Ch11 accounting fraud,AT&T (T),NO,NO,MISSING,Absent from Tiingo free tier; candidate for EODHD/AV/FMP backstop
Lehman Brothers,crisis_kill,LEH / LEHMQ,"LEHKQ[2008-09-18..2026-07-15,min_adj=1e-06] | LEHLQ[2008-09-18..2026-07-15,min_adj=0.0001]",2008-09-18,2026-07-15,2008-09-15,Ch11 GFC failure,Morgan Stanley (MS) / Goldman (GS),YES,YES,PARTIAL (preferred stubs only),"Common LEH/LEHMQ absent. LEHKQ/LEHLQ = preferred series, first print 2008-09-18 (post Ch11); post-death penny tail only, no pre-death signal."
Bear Stearns,crisis_kill,BSC,(none - not in Tiingo),,,2008-03-16,JPM fire-sale rescue,Morgan Stanley (MS),NO,NO,MISSING,Absent from Tiingo free tier; candidate for EODHD/AV/FMP backstop
Washington Mutual,crisis_kill,WM(old) / WAMUQ,(none - not in Tiingo),,,2008-09-25,OTS seizure; equity cancelled 2012,Wells Fargo (WFC) / Citi (C),NO,NO,MISSING,Absent from Tiingo free tier; candidate for EODHD/AV/FMP backstop
General Motors (old),crisis_kill,GM(old) / MTLQQ,"MTLQU[2012-06-14..2021-03-29,min_adj=0.09795]",2012-06-14,2021-03-29,2009-06-01,Ch11 (Motors Liquidation),FORD (F) - canonical pair,YES,YES,PARTIAL (liquidation units),"Common MTLQQ absent. MTLQU = Motors Liquidation GUC Trust units 2012-2021; post-death artifact, not the equity slide."
Sears Holdings,slow_melt,SHLD / SHLDQ,"SHLDQ[2003-05-01..2022-10-31,min_adj=0.006]",2003-05-01,2022-10-31,2018-10-15,Ch11 retail decay,Best Buy (BBY),YES,YES,FULL,"SHLDQ (Kmart/Sears Holdings lineage) shows Oct-2018 Ch11 collapse; tail to 2022-10-31 (Expert Market), min_adj 0.006."
Blockbuster,slow_melt,BBI / BLIAQ,(none - not in Tiingo),,,2010-09-23,Ch11 disrupted by streaming,GameStop (GME) / Best Buy (BBY),NO,NO,MISSING,Absent from Tiingo free tier; candidate for EODHD/AV/FMP backstop
Kodak,slow_melt,EK / KODK,"KODK[2013-09-23..2026-07-15,min_adj=1.55]",2013-09-23,2026-07-15,2012-01-19,Ch11; old equity wiped,Fujifilm (FUJIY),YES,YES,PARTIAL (post-reorg entity),"Old EK common (wiped 2012) absent. KODK = NEW post-bankruptcy Kodak (2013+), a live successor, NOT the death series."
Rite Aid,slow_melt,RAD / RADCQ,"RADCQ[1984-12-17..2026-07-15,min_adj=0.001]",1984-12-17,2026-07-15,2023-10-15,Ch11 (again 2025),CVS Health (CVS),YES,YES,FULL,"RADCQ full history 1984+ incl 2023-10 Ch11; still trading OTC to 2026 (ongoing bankruptcy penny), min_adj 0.001."
Bed Bath & Beyond,slow_melt,BBBY / BBBYQ,"BBBYQ[1992-06-05..2023-09-29,min_adj=0.0751]",1992-06-05,2023-09-29,2023-04-23,Ch11 retail decay,Williams-Sonoma (WSM) / Target (TGT),YES,YES,FULL via Q-stub,"BBBYQ clean death tail (to 2023-09-29, ~$0.08). NYSE BBBY main QUARANTINED (recycled/spliced, trades to 2026 at $4-7, never reaches pennies)."
Circuit City,slow_melt,CC / CCTYQ,(none - not in Tiingo),,,2008-11-10,Ch11 (crisis-accelerated),Best Buy (BBY),NO,NO,MISSING,Absent from Tiingo free tier; candidate for EODHD/AV/FMP backstop
Nikola,fraud_collapse,NKLA / NKLAQ,"NKLAQ[2025-02-25..2026-07-15,min_adj=0.0012] | NKLA[2018-06-11..2026-07-15,min_adj=0.183]",2018-06-11,2026-07-15,2025-02-19,Ch11; liquidated 2025-12,Rivian (RIVN),YES,YES,FULL (main+Q),NKLA main real through 2025-02-25 (Ch11) then forward-filled flat 0.183 zero-vol tail to 2026 - truncate at 2025-02-25. NKLAQ = penny death tail.
VanEck Russia ETF (RSX),geopolitical,RSX,"RSX[2007-04-30..2023-01-13,min_adj=5.619]",2007-04-30,2023-01-13,2022-03-04,Trading halt; delisted 2023-01,(index/geopolitical),YES,YES,FULL (halt-frozen),"Real through 2022 halt; flatlines at 5.6187 to 2023-01-13 delist. Geopolitical death = frozen NAV, not zero."
Express Inc,slow_melt,EXPR / EXPRQ,"EXPRQ[2010-05-13..2026-07-15,min_adj=0.0001]",2010-05-13,2026-07-15,2024-04-22,Ch11 retail decay,American Eagle (AEO),YES,YES,FULL,EXPRQ full history 2010+ incl 2024-04 Ch11; pennies-to-~zero tail (min_adj 0.0001).
Williams Cos (WMB),survivor_control,WMB,WMB[1981-12-31..2026-07-15],1981-12-31,2026-07-15,,(lived),corpse: Enron,n/a,n/a,FULL,"Control series, 11223 rows"
AT&T (T),survivor_control,T,T[1984-07-19..2026-07-15],1984-07-19,2026-07-15,,(lived),corpse: WorldCom,n/a,n/a,FULL,"Control series, 10578 rows"
Morgan Stanley (MS),survivor_control,MS,MS[1993-02-23..2026-07-15],1993-02-23,2026-07-15,,(lived),corpse: Lehman/Bear,n/a,n/a,FULL,"Control series, 8405 rows"
Goldman Sachs (GS),survivor_control,GS,GS[1999-05-04..2026-07-15],1999-05-04,2026-07-15,,(lived),corpse: Lehman,n/a,n/a,FULL,"Control series, 6841 rows"
Citigroup (C),survivor_control,C,C[1980-01-02..2026-07-15],1980-01-02,2026-07-15,,(lived),"corpse: Lehman/WaMu (-98%, lived)",n/a,n/a,FULL,"Control series, 11728 rows"
Wells Fargo (WFC),survivor_control,WFC,WFC[1980-01-02..2026-07-15],1980-01-02,2026-07-15,,(lived),corpse: WaMu,n/a,n/a,FULL,"Control series, 11728 rows"
Ford (F),survivor_control,F,F[1980-01-02..2026-07-15],1980-01-02,2026-07-15,,(lived),corpse: GM (canonical -95% lived),n/a,n/a,FULL,"Control series, 11728 rows"
Best Buy (BBY),survivor_control,BBY,BBY[1985-04-19..2026-07-15],1985-04-19,2026-07-15,,(lived),corpse: Sears/Blockbuster/CircuitCity,n/a,n/a,FULL,"Control series, 10388 rows"
GameStop (GME),survivor_control,GME,GME[2002-02-13..2026-07-15],2002-02-13,2026-07-15,,(lived),corpse: Blockbuster,n/a,n/a,FULL,"Control series, 6143 rows"
Fujifilm (FUJIY),survivor_control,FUJIY,FUJIY[2009-08-03..2026-07-15],2009-08-03,2026-07-15,,(lived),corpse: Kodak,n/a,n/a,FULL,"Control series, 4263 rows"
CVS Health (CVS),survivor_control,CVS,CVS[1984-12-17..2026-07-15],1984-12-17,2026-07-15,,(lived),corpse: Rite Aid,n/a,n/a,FULL,"Control series, 10473 rows"
Williams-Sonoma (WSM),survivor_control,WSM,WSM[1990-03-26..2026-07-15],1990-03-26,2026-07-15,,(lived),corpse: BBBY,n/a,n/a,FULL,"Control series, 9142 rows"
Target (TGT),survivor_control,TGT,TGT[1983-04-06..2026-07-15],1983-04-06,2026-07-15,,(lived),corpse: BBBY/Sears,n/a,n/a,FULL,"Control series, 10904 rows"
Rivian (RIVN),survivor_control,RIVN,RIVN[2021-11-10..2026-07-15],2021-11-10,2026-07-15,,(lived),corpse: Nikola,n/a,n/a,FULL,"Control series, 1172 rows"
American Eagle (AEO),survivor_control,AEO,AEO[1994-04-14..2026-07-15],1994-04-14,2026-07-15,,(lived),corpse: Express,n/a,n/a,FULL,"Control series, 8116 rows"
