window,ticker_a,ticker_b,n_days,yrs,ta_yr,ta_total,eta,gamma,drift_gap,zero_cross_yr,dd_a,dd_b,starv_bind,days_below,rebals,has_ung,energy_ag,oil_ag
2012-2019,BNO,CANE,1992,7.901,1.0368,8.5362,0.9146,0.133616,0.07096,4.1768,-80.3,-74.45,1,1,74,0,1,1
2012-2019,BNO,COPX,1992,7.901,1.2346,10.2459,0.9609,0.103164,0.00681,7.341,-80.3,-79.32,1,1,64,0,0,0
2012-2019,BNO,CORN,1992,7.901,1.1888,9.8474,1.0189,0.112659,0.05008,4.6831,-80.3,-72.96,1,1,71,0,1,1
2012-2019,BNO,CPER,1992,7.901,2.2301,19.2668,0.9858,0.185187,0.02292,4.4299,-80.3,-57.83,1,1,67,0,0,0
2012-2019,BNO,DBA,1992,7.901,1.1784,9.7572,1.1201,0.085014,0.01097,2.7845,-80.3,-51.24,1,1,59,0,1,1
2012-2019,BNO,DBB,1992,7.901,0.8808,7.2065,0.9901,0.083835,0.03993,1.3923,-80.3,-48.77,1,1,57,0,0,0
2012-2019,BNO,DBE,1992,7.901,0.1414,1.1233,1.3249,0.008538,0.00013,3.0377,-80.3,-71.67,1,1,8,0,0,0
2012-2019,BNO,PALL,1992,7.901,-2.3928,-17.2253,0.8815,0.116773,0.2025,4.9362,-80.3,-48.4,1,1,66,0,0,0
2012-2019,BNO,PPLT,1992,7.901,1.2267,10.1769,1.0213,0.09653,0.0076,5.0628,-80.3,-57.22,1,1,63,0,0,0
2012-2019,BNO,SIL,1992,7.901,2.2845,19.7809,1.0255,0.179563,0.01326,5.0628,-80.3,-79.85,1,1,112,0,0,0
2012-2019,BNO,SLV,1992,7.901,1.5955,13.4344,1.1158,0.114691,0.00656,4.5565,-80.3,-63.55,1,1,78,0,0,0
2012-2019,BNO,SOYB,1992,7.901,1.0126,8.3293,0.8939,0.105245,0.04076,4.5565,-80.3,-50.26,1,1,61,0,1,1
2012-2019,BNO,UGA,1992,7.901,0.338,2.7066,1.1617,0.025518,0.01815,3.7971,-80.3,-68.54,1,1,19,0,0,0
2012-2019,BNO,UNG,1992,7.901,1.3779,11.501,1.0129,0.216163,0.11942,5.4425,-80.3,-84.78,1,185,125,1,0,0
2012-2019,BNO,URA,1992,7.901,0.4138,3.3234,1.1996,0.110533,0.11406,5.1894,-80.3,-81.43,1,37,81,0,0,0
2012-2019,BNO,USO,1992,7.901,-0.0577,-0.4549,1.6263,0.012612,0.05663,1.1391,-80.3,-81.05,1,6,15,0,0,0
2012-2019,BNO,WEAT,1992,7.901,1.0998,9.0779,1.1261,0.134351,0.09045,2.4048,-80.3,-80.75,1,24,93,0,1,1
2012-2019,BNO,XLE,1992,7.901,-0.0559,-0.4405,1.1766,0.047343,0.08814,0.1266,-80.3,-46.75,1,1,38,0,0,0
2012-2019,BNO,XME,1992,7.901,1.0227,8.4157,0.8582,0.097793,0.01633,1.1391,-80.3,-77.43,1,1,57,0,0,0
2012-2019,CANE,COPX,1992,7.901,1.2403,10.2952,0.9758,0.13464,0.06415,4.9362,-74.45,-79.32,0,0,83,0,0,0
2012-2019,CANE,CORN,1992,7.901,1.1319,9.3551,1.0166,0.092461,0.02088,6.9613,-74.45,-72.96,0,0,61,0,0,0
2012-2019,CANE,CPER,1992,7.901,0.7755,6.3189,0.7438,0.174968,0.09388,1.8985,-74.45,-57.83,0,0,46,0,0,0
2012-2019,CANE,DBA,1992,7.901,-0.0839,-0.6604,0.8089,0.056149,0.08193,7.4676,-74.45,-51.24,0,0,31,0,0,0
2012-2019,CANE,DBB,1992,7.901,-0.4159,-3.2327,0.7722,0.078889,0.11089,1.3923,-74.45,-48.77,0,0,40,0,0,0
2012-2019,CANE,DBE,1992,7.901,0.6925,5.6236,0.9077,0.104448,0.07108,4.4299,-74.45,-71.67,0,0,60,0,1,0
2012-2019,CANE,PALL,1992,7.901,-4.9375,-32.3011,0.9201,0.116746,0.27345,3.9237,-74.45,-48.4,0,0,70,0,0,0
2012-2019,CANE,PPLT,1992,7.901,0.3466,2.7759,0.8515,0.088924,0.07856,12.5304,-74.45,-57.22,0,0,47,0,0,0
2012-2019,CANE,SIL,1992,7.901,1.9092,16.2816,0.9577,0.18671,0.05769,4.0502,-74.45,-79.85,0,0,106,0,0,0
2012-2019,CANE,SLV,1992,7.901,0.7201,5.854,0.8695,0.103542,0.0644,3.6705,-74.45,-63.55,0,0,59,0,0,0
2012-2019,CANE,SOYB,1992,7.901,-0.2192,-1.7168,0.9185,0.084953,0.11171,5.9488,-74.45,-50.26,0,0,48,0,0,0
2012-2019,CANE,UGA,1992,7.901,0.6344,5.1404,0.8295,0.135304,0.08911,5.9488,-74.45,-68.54,0,0,70,0,1,0
2012-2019,CANE,UNG,1992,7.901,2.3817,20.7047,0.9592,0.217881,0.04847,3.5439,-74.45,-84.78,1,184,116,1,1,0
2012-2019,CANE,URA,1992,7.901,1.5077,12.6508,1.0463,0.129251,0.04311,5.3159,-74.45,-81.43,1,37,82,0,0,0
2012-2019,CANE,USO,1992,7.901,1.4462,12.1041,0.842,0.139323,0.01433,3.7971,-74.45,-81.05,1,6,74,0,1,1
2012-2019,CANE,WEAT,1992,7.901,1.2146,10.0719,0.8924,0.112243,0.0195,6.9613,-74.45,-80.75,1,23,67,0,0,0
2012-2019,CANE,XLE,1992,7.901,-1.4732,-10.9877,0.7642,0.091843,0.15909,5.9488,-74.45,-46.75,0,0,45,0,1,0
2012-2019,CANE,XME,1992,7.901,0.5191,4.1868,0.7619,0.132008,0.08729,5.9488,-74.45,-77.43,0,0,65,0,0,0
2012-2019,COPX,CORN,1992,7.901,1.4798,12.4022,1.1517,0.11557,0.04327,3.0377,-79.32,-72.96,0,0,82,0,0,0
2012-2019,COPX,CPER,1992,7.901,1.5796,13.2923,0.9194,0.145032,0.02973,9.113,-79.32,-57.83,0,0,47,0,0,0
2012-2019,COPX,DBA,1992,7.901,1.3112,10.9152,1.245,0.086258,0.01778,6.0753,-79.32,-51.24,0,0,68,0,0,0
2012-2019,COPX,DBB,1992,7.901,0.7486,6.0926,1.2886,0.059792,0.04674,8.227,-79.32,-48.77,0,0,51,0,0,0
2012-2019,COPX,DBE,1992,7.901,1.1339,9.3725,1.0615,0.085819,0.00694,7.341,-79.32,-71.67,0,0,60,0,0,0
2012-2019,COPX,PALL,1992,7.901,-2.6663,-18.9949,1.0515,0.094486,0.20931,6.7082,-79.32,-48.4,0,0,65,0,0,0
2012-2019,COPX,PPLT,1992,7.901,1.0625,8.7571,1.0634,0.081478,0.01441,8.1005,-79.32,-57.22,0,0,56,0,0,0
2012-2019,COPX,SIL,1992,7.901,1.6948,14.3283,1.1219,0.121144,0.00645,6.0753,-79.32,-79.85,0,0,83,0,0,0
2012-2019,COPX,SLV,1992,7.901,1.3709,11.4392,1.1847,0.09257,0.00025,7.4676,-79.32,-63.55,0,0,68,0,0,0
2012-2019,COPX,SOYB,1992,7.901,1.0945,9.0327,1.0408,0.101206,0.04757,8.3536,-79.32,-50.26,0,0,66,0,0,0
2012-2019,COPX,UGA,1992,7.901,1.4316,11.9755,1.0358,0.115319,0.02496,7.0879,-79.32,-68.54,0,0,76,0,0,0
2012-2019,COPX,UNG,1992,7.901,2.2089,19.0678,1.1526,0.237525,0.11261,4.1768,-79.32,-84.78,1,184,141,1,0,0
2012-2019,COPX,URA,1992,7.901,0.0035,0.028,1.1584,0.076462,0.10726,1.1391,-79.32,-81.43,1,37,59,0,0,0
2012-2019,COPX,USO,1992,7.901,1.0102,8.3085,0.9562,0.104898,0.04982,1.1391,-79.32,-81.05,1,6,65,0,0,0
2012-2019,COPX,WEAT,1992,7.901,1.1726,9.7073,1.0701,0.138401,0.08364,3.4174,-79.32,-80.75,1,23,89,0,0,0
2012-2019,COPX,XLE,1992,7.901,0.0214,0.1689,1.252,0.056967,0.09495,4.4299,-79.32,-46.75,0,0,48,0,0,0
2012-2019,COPX,XME,1992,7.901,0.3901,3.13,0.8259,0.042899,0.02314,9.2396,-79.32,-77.43,0,0,26,0,0,0
2012-2019,CORN,CPER,1992,7.901,1.0737,8.8535,0.8248,0.154511,0.073,1.6454,-72.96,-57.83,0,0,45,0,0,0
2012-2019,CORN,DBA,1992,7.901,-0.1001,-0.7881,0.9009,0.023484,0.06105,2.4048,-72.96,-51.24,0,0,14,0,0,0
2012-2019,CORN,DBB,1992,7.901,-0.1122,-0.8827,0.9217,0.058292,0.09001,3.1642,-72.96,-48.77,0,0,35,0,0,0
2012-2019,CORN,DBE,1992,7.901,0.7209,5.8611,0.9455,0.081927,0.05021,3.1642,-72.96,-71.67,0,0,52,0,1,0
2012-2019,CORN,PALL,1992,7.901,-4.0814,-27.5635,1.1715,0.094755,0.25258,1.1391,-72.96,-48.4,0,0,70,0,0,0
2012-2019,CORN,PPLT,1992,7.901,0.4634,3.7294,0.9406,0.067122,0.05768,7.7207,-72.96,-57.22,0,0,43,0,0,0
2012-2019,CORN,SIL,1992,7.901,1.8741,15.9596,0.9636,0.166665,0.03682,4.3034,-72.96,-79.85,0,0,91,0,0,0
2012-2019,CORN,SLV,1992,7.901,0.7341,5.9715,0.9158,0.080396,0.04353,2.7845,-72.96,-63.55,0,0,47,0,0,0
2012-2019,CORN,SOYB,1992,7.901,-0.5004,-3.8763,0.7383,0.032256,0.09084,3.4174,-72.96,-50.26,0,0,16,0,0,0
2012-2019,CORN,UGA,1992,7.901,0.8753,7.1599,0.953,0.111613,0.06824,2.658,-72.96,-68.54,0,0,66,0,1,0
2012-2019,CORN,UNG,1992,7.901,1.8545,15.7799,1.0307,0.180354,0.06934,5.9488,-72.96,-84.78,1,184,104,1,1,0
2012-2019,CORN,URA,1992,7.901,1.0798,8.9056,1.0861,0.109003,0.06398,13.9227,-72.96,-81.43,1,37,73,0,0,0
2012-2019,CORN,USO,1992,7.901,1.457,12.1999,0.9626,0.121438,0.00655,7.0879,-72.96,-81.05,1,6,74,0,1,1
2012-2019,CORN,WEAT,1992,7.901,0.2475,1.9751,0.9161,0.035613,0.04037,6.9613,-72.96,-80.75,1,23,22,0,0,0
2012-2019,CORN,XLE,1992,7.901,-0.9309,-7.091,1.0015,0.069409,0.13822,4.9362,-72.96,-46.75,0,0,48,0,1,0
2012-2019,CORN,XME,1992,7.901,1.0092,8.3001,1.0697,0.107681,0.06641,3.9237,-72.96,-77.43,0,0,73,0,0,0
2012-2019,CPER,DBA,1992,7.901,1.2703,10.5573,0.8002,0.128402,0.01195,7.341,-57.83,-51.24,0,0,23,0,0,0
2012-2019,CPER,DBB,1992,7.901,1.0208,8.3997,0.7786,0.107823,0.01701,3.6705,-57.83,-48.77,0,0,9,0,0,0
2012-2019,CPER,DBE,1992,7.901,1.5512,13.0381,0.8191,0.156506,0.0228,5.9488,-57.83,-71.67,0,0,49,0,0,0
2012-2019,CPER,PALL,1992,7.901,-1.2873,-9.6709,0.837,0.158796,0.17957,5.4425,-57.83,-48.4,0,0,38,0,0,0
2012-2019,CPER,PPLT,1992,7.901,1.4586,12.2147,0.8502,0.139431,0.01532,2.1517,-57.83,-57.22,0,0,30,0,0,0
2012-2019,CPER,SIL,1992,7.901,2.7194,23.9677,0.9818,0.232089,0.03619,9.113,-57.83,-79.85,0,0,93,0,0,0
2012-2019,CPER,SLV,1992,7.901,1.692,14.303,0.9348,0.152132,0.02948,11.3913,-57.83,-63.55,0,0,43,0,0,0
2012-2019,CPER,SOYB,1992,7.901,1.4131,11.8115,0.8139,0.141982,0.01784,7.5942,-57.83,-50.26,0,0,37,0,0,0
2012-2019,CPER,UGA,1992,7.901,2.0914,17.967,0.8887,0.188458,0.00477,5.5691,-57.83,-68.54,0,0,64,0,0,0
2012-2019,CPER,UNG,1992,7.901,1.241,10.3016,0.9372,0.268423,0.14234,3.4174,-57.83,-84.78,1,184,107,1,0,0
2012-2019,CPER,URA,1992,7.901,0.1709,1.3594,0.9101,0.170558,0.13699,2.658,-57.83,-81.43,1,37,57,0,0,0
2012-2019,CPER,USO,1992,7.901,1.7345,14.6869,0.9876,0.190304,0.07955,3.4174,-57.83,-81.05,1,6,74,0,0,0
2012-2019,CPER,WEAT,1992,7.901,0.7268,5.9101,0.9124,0.171503,0.11337,1.6454,-57.83,-80.75,1,23,60,0,0,0
2012-2019,CPER,XLE,1992,7.901,1.1276,9.3175,0.8653,0.142652,0.06521,4.4299,-57.83,-46.75,0,0,36,0,0,0
2012-2019,CPER,XME,1992,7.901,1.5524,13.0493,0.7937,0.156909,0.00659,10.6318,-57.83,-77.43,0,0,41,0,0,0
2012-2019,DBA,DBB,1992,7.901,0.3782,3.0336,1.179,0.031274,0.02896,2.1517,-51.24,-48.77,0,0,27,0,0,0
2012-2019,DBA,DBE,1992,7.901,0.7342,5.9721,1.0942,0.054527,0.01085,2.2783,-51.24,-71.67,0,0,40,0,1,0
2012-2019,DBA,PALL,1992,7.901,-2.4071,-17.319,1.085,0.067465,0.19152,1.3923,-51.24,-48.4,0,0,48,0,0,0
2012-2019,DBA,PPLT,1992,7.901,0.5147,4.1505,1.0433,0.039554,0.00337,6.8348,-51.24,-57.22,0,0,29,0,0,0
2012-2019,DBA,SIL,1992,7.901,1.6407,13.8409,0.9759,0.139244,0.02423,6.3285,-51.24,-79.85,0,0,81,0,0,0
2012-2019,DBA,SLV,1992,7.901,0.6092,4.931,0.9309,0.054962,0.01753,9.6193,-51.24,-63.55,0,0,33,0,0,0
2012-2019,DBA,SOYB,1992,7.901,0.025,0.198,0.3832,0.023479,0.02979,10.5053,-51.24,-50.26,0,0,6,0,0,0
2012-2019,DBA,UGA,1992,7.901,1.1705,9.6889,1.1087,0.084827,0.00718,3.7971,-51.24,-68.54,0,0,62,0,1,0
2012-2019,DBA,UNG,1992,7.901,0.5465,4.4124,1.0801,0.159705,0.13039,0.6328,-51.24,-84.78,1,184,94,1,1,0
2012-2019,DBA,URA,1992,7.901,-0.3637,-2.8326,1.1169,0.08032,0.12504,3.4174,-51.24,-81.43,1,37,53,0,0,0
2012-2019,DBA,USO,1992,7.901,0.6758,5.4845,0.9795,0.091626,0.0676,3.4174,-51.24,-81.05,1,6,57,0,1,1
2012-2019,DBA,WEAT,1992,7.901,-0.63,-4.8556,0.7509,0.038333,0.10142,3.9237,-51.24,-80.75,1,23,20,0,0,0
2012-2019,DBA,XLE,1992,7.901,-0.0199,-0.1575,1.051,0.042569,0.07717,4.9362,-51.24,-46.75,0,0,31,0,1,0
2012-2019,DBA,XME,1992,7.901,1.0991,9.0721,1.1093,0.079473,0.00536,5.3159,-51.24,-77.43,0,0,59,0,0,0
2012-2019,DBB,DBE,1992,7.901,0.5563,4.4929,1.0062,0.056615,0.0398,4.9362,-48.77,-71.67,0,0,38,0,0,0
2012-2019,DBB,PALL,1992,7.901,-1.7951,-13.2226,0.8699,0.060058,0.16257,12.5304,-48.77,-48.4,0,0,35,0,0,0
2012-2019,DBB,PPLT,1992,7.901,0.2404,1.9171,0.6874,0.039955,0.03233,1.1391,-48.77,-57.22,0,0,19,0,0,0
2012-2019,DBB,SIL,1992,7.901,1.2848,10.6836,0.9664,0.129318,0.05319,5.3159,-48.77,-79.85,0,0,71,0,0,0
2012-2019,DBB,SLV,1992,7.901,0.42,3.3741,0.9564,0.052886,0.04649,4.6831,-48.77,-63.55,0,0,33,0,0,0
2012-2019,DBB,SOYB,1992,7.901,0.5401,4.3592,0.9115,0.047405,0.00083,4.8096,-48.77,-50.26,0,0,30,0,0,0
2012-2019,DBB,UGA,1992,7.901,1.0459,8.6142,1.0283,0.085009,0.02177,3.4174,-48.77,-68.54,0,0,59,0,0,0
2012-2019,DBB,UNG,1992,7.901,0.1436,1.141,1.1419,0.175238,0.15935,0.886,-48.77,-84.78,1,184,114,1,0,0
2012-2019,DBB,URA,1992,7.901,-1.2989,-9.7534,0.9565,0.076239,0.15399,1.3923,-48.77,-81.43,1,37,49,0,0,0
2012-2019,DBB,USO,1992,7.901,0.2201,1.7542,1.0045,0.089148,0.09656,2.4048,-48.77,-81.05,1,6,58,0,0,0
2012-2019,DBB,WEAT,1992,7.901,-0.5854,-4.5199,1.0498,0.078041,0.13038,0.3797,-48.77,-80.75,1,23,50,0,0,0
2012-2019,DBB,XLE,1992,7.901,0.3082,2.4646,0.9859,0.043518,0.04821,5.4425,-48.77,-46.75,0,0,30,0,0,0
2012-2019,DBB,XME,1992,7.901,0.6703,5.4389,0.9188,0.06315,0.0236,9.6193,-48.77,-77.43,0,0,39,0,0,0
2012-2019,DBE,PALL,1992,7.901,-2.6182,-18.6863,0.9365,0.090306,0.20237,2.9111,-71.67,-48.4,0,0,56,0,0,0
2012-2019,DBE,PPLT,1992,7.901,0.9853,8.0954,1.1573,0.068487,0.00748,3.6705,-71.67,-57.22,0,0,49,0,0,0
2012-2019,DBE,SIL,1992,7.901,2.028,17.3779,1.0568,0.154858,0.01339,3.7971,-71.67,-79.85,0,0,96,0,0,0
2012-2019,DBE,SLV,1992,7.901,1.2007,9.9511,1.1304,0.08529,0.00668,4.8096,-71.67,-63.55,0,0,64,0,0,0
2012-2019,DBE,SOYB,1992,7.901,0.5447,4.3975,0.7592,0.074502,0.04063,5.0628,-71.67,-50.26,0,0,37,0,1,0
2012-2019,DBE,UGA,1992,7.901,0.221,1.7617,1.0711,0.018905,0.01803,7.4676,-71.67,-68.54,0,0,13,0,0,0
2012-2019,DBE,UNG,1992,7.901,0.7887,6.4295,1.0086,0.17058,0.11955,5.4425,-71.67,-84.78,1,184,98,1,0,0
2012-2019,DBE,URA,1992,7.901,0.0552,0.4372,1.1704,0.088967,0.11419,4.9362,-71.67,-81.43,1,37,70,0,0,0
2012-2019,DBE,USO,1992,7.901,-0.1216,-0.9563,1.0593,0.014639,0.05675,0.886,-71.67,-81.05,1,6,11,0,0,0
2012-2019,DBE,WEAT,1992,7.901,0.5654,4.5682,1.0614,0.102423,0.09058,5.1894,-71.67,-80.75,1,23,68,0,1,0
2012-2019,DBE,XLE,1992,7.901,-0.5194,-4.0203,0.6031,0.030597,0.08801,0.1266,-71.67,-46.75,0,0,13,0,0,0
2012-2019,DBE,XME,1992,7.901,0.7591,6.1806,0.8029,0.078218,0.01621,1.772,-71.67,-77.43,0,0,43,0,0,0
2012-2019,PALL,PPLT,1992,7.901,-2.7748,-19.6866,1.1112,0.047199,0.19489,1.1391,-48.4,-57.22,0,0,35,0,0,0
2012-2019,PALL,SIL,1992,7.901,-2.4358,-17.5066,1.0044,0.134892,0.21576,2.1517,-48.4,-79.85,0,0,83,0,0,0
2012-2019,PALL,SLV,1992,7.901,-3.1003,-21.7255,0.9226,0.069297,0.20905,4.1768,-48.4,-63.55,0,0,40,0,0,0
2012-2019,PALL,SOYB,1992,7.901,-1.4208,-10.6184,0.9668,0.083068,0.16174,1.3923,-48.4,-50.26,0,0,54,0,0,0
2012-2019,PALL,UGA,1992,7.901,-1.7212,-12.7147,0.9397,0.117012,0.18434,5.6956,-48.4,-68.54,0,0,72,0,0,0
2012-2019,PALL,UNG,1992,7.901,-5.1863,-33.6188,1.1483,0.215564,0.32192,1.8985,-48.4,-84.78,1,184,134,1,0,0
2012-2019,PALL,URA,1992,7.901,-6.6874,-41.0428,1.0121,0.107894,0.31656,3.9237,-48.4,-81.43,1,37,71,0,0,0
2012-2019,PALL,USO,1992,7.901,-4.2946,-28.7734,0.9359,0.121812,0.25912,3.6705,-48.4,-81.05,1,6,68,0,0,0
2012-2019,PALL,WEAT,1992,7.901,-5.5318,-35.4067,1.0717,0.114587,0.29295,0.1266,-48.4,-80.75,1,23,76,0,0,0
2012-2019,PALL,XLE,1992,7.901,-0.3377,-2.6329,0.9496,0.076846,0.11436,2.1517,-48.4,-46.75,0,0,48,0,0,0
2012-2019,PALL,XME,1992,7.901,-2.156,-15.6621,0.87,0.091638,0.18616,5.9488,-48.4,-77.43,0,0,52,0,0,0
2012-2019,PPLT,SIL,1992,7.901,1.0586,8.7238,0.9595,0.091845,0.02086,2.7845,-57.22,-79.85,0,0,60,0,0,0
2012-2019,PPLT,SLV,1992,7.901,0.3029,2.4223,0.8393,0.030762,0.01416,3.5439,-57.22,-63.55,0,0,16,0,0,0
2012-2019,PPLT,SOYB,1992,7.901,0.5104,4.115,0.8721,0.056751,0.03316,6.0753,-57.22,-50.26,0,0,34,0,0,0
2012-2019,PPLT,UGA,1992,7.901,1.2466,10.3501,1.0351,0.097189,0.01055,10.2521,-57.22,-68.54,0,0,64,0,0,0
2012-2019,PPLT,UNG,1992,7.901,0.9614,7.8916,1.0519,0.189534,0.12702,4.9362,-57.22,-84.78,1,184,111,1,0,0
2012-2019,PPLT,URA,1992,7.901,-0.2832,-2.2126,1.043,0.086339,0.12167,7.9739,-57.22,-81.43,1,37,60,0,0,0
2012-2019,PPLT,USO,1992,7.901,1.0445,8.602,1.1261,0.102839,0.06423,2.1517,-57.22,-81.05,1,6,73,0,0,0
2012-2019,PPLT,WEAT,1992,7.901,0.1527,1.2135,1.0142,0.085133,0.09805,5.1894,-57.22,-80.75,1,23,53,0,0,0
2012-2019,PPLT,XLE,1992,7.901,0.1557,1.238,1.114,0.056426,0.08054,7.4676,-57.22,-46.75,0,0,43,0,0,0
2012-2019,PPLT,XME,1992,7.901,0.9002,7.3712,1.0205,0.071157,0.00873,3.0377,-57.22,-77.43,0,0,49,0,0,0
2012-2019,SIL,SLV,1992,7.901,0.7559,6.154,0.9109,0.066776,0.00671,9.6193,-79.85,-63.55,0,0,40,0,0,0
2012-2019,SIL,SOYB,1992,7.901,1.627,13.7173,1.007,0.151983,0.05402,9.8724,-79.85,-50.26,0,0,85,0,0,0
2012-2019,SIL,UGA,1992,7.901,2.3955,20.8363,1.0983,0.181571,0.03142,2.7845,-79.85,-68.54,0,0,116,0,0,0
2012-2019,SIL,UNG,1992,7.901,2.5469,22.2898,1.0107,0.287215,0.10616,4.5565,-79.85,-84.78,1,184,154,1,0,0
2012-2019,SIL,URA,1992,7.901,0.8727,7.1384,0.9847,0.150361,0.1008,2.658,-79.85,-81.43,1,37,80,0,0,0
2012-2019,SIL,USO,1992,7.901,2.2541,19.4932,1.0611,0.183882,0.04336,2.7845,-79.85,-81.05,1,6,113,0,0,0
2012-2019,SIL,WEAT,1992,7.901,1.5269,12.8213,0.9052,0.186149,0.07719,0.886,-79.85,-80.75,1,23,96,0,0,0
2012-2019,SIL,XLE,1992,7.901,0.7035,5.7155,0.9858,0.137382,0.1014,6.0753,-79.85,-46.75,0,0,80,0,0,0
2012-2019,SIL,XME,1992,7.901,1.1897,9.8554,1.047,0.097501,0.02959,8.1005,-79.85,-77.43,0,0,66,0,0,0
2012-2019,SLV,SOYB,1992,7.901,0.5885,4.7592,0.9413,0.068697,0.04731,8.1005,-63.55,-50.26,0,0,41,0,0,0
2012-2019,SLV,UGA,1992,7.901,1.2379,10.2747,0.9178,0.113145,0.02471,4.8096,-63.55,-68.54,0,0,65,0,0,0
2012-2019,SLV,UNG,1992,7.901,1.4509,12.1463,1.0365,0.20603,0.11287,3.6705,-63.55,-84.78,1,184,117,1,0,0
2012-2019,SLV,URA,1992,7.901,0.3535,2.8324,1.142,0.102435,0.10751,2.1517,-63.55,-81.43,1,37,73,0,0,0
2012-2019,SLV,USO,1992,7.901,1.3804,11.5235,1.088,0.11959,0.05007,2.4048,-63.55,-81.05,1,6,81,0,0,0
2012-2019,SLV,WEAT,1992,7.901,0.578,4.6722,1.017,0.099173,0.0839,0.6328,-63.55,-80.75,1,23,63,0,0,0
2012-2019,SLV,XLE,1992,7.901,0.1083,0.8596,1.0314,0.075546,0.09469,7.7207,-63.55,-46.75,0,0,50,0,0,0
2012-2019,SLV,XME,1992,7.901,0.9713,7.9761,0.9979,0.082009,0.02289,3.9237,-63.55,-77.43,0,0,54,0,0,0
2012-2019,SOYB,UGA,1992,7.901,1.0725,8.8433,0.8602,0.104437,0.0226,4.5565,-50.26,-68.54,0,0,58,0,1,0
2012-2019,SOYB,UNG,1992,7.901,-0.2148,-1.6828,0.9487,0.18267,0.16018,1.8985,-50.26,-84.78,1,184,97,1,1,0
2012-2019,SOYB,URA,1992,7.901,-1.0003,-7.599,1.009,0.097735,0.15482,0.6328,-50.26,-81.43,1,37,61,0,0,0
2012-2019,SOYB,USO,1992,7.901,0.4332,3.4819,0.9634,0.11191,0.09739,3.4174,-50.26,-81.05,1,6,68,0,1,1
2012-2019,SOYB,WEAT,1992,7.901,-0.9198,-7.0095,0.9906,0.057284,0.13121,1.1391,-50.26,-80.75,1,23,37,0,0,0
2012-2019,SOYB,XLE,1992,7.901,0.4725,3.8035,0.896,0.061866,0.04738,8.7333,-50.26,-46.75,0,0,38,0,1,0
2012-2019,SOYB,XME,1992,7.901,1.0959,9.0446,0.9975,0.092613,0.02443,9.6193,-50.26,-77.43,0,0,61,0,0,0
2012-2019,UGA,UNG,1992,7.901,0.8103,6.6117,0.9651,0.215041,0.13758,6.7082,-68.54,-84.78,1,184,120,1,0,0
2012-2019,UGA,URA,1992,7.901,-0.0276,-0.2179,1.1094,0.11723,0.13222,6.455,-68.54,-81.43,1,37,82,0,0,0
2012-2019,UGA,USO,1992,7.901,-0.0279,-0.2198,1.1312,0.036533,0.07478,1.3923,-68.54,-81.05,1,6,28,0,0,0
2012-2019,UGA,WEAT,1992,7.901,0.8747,7.1549,1.2024,0.133437,0.10861,5.9488,-68.54,-80.75,1,23,101,0,1,0
2012-2019,UGA,XLE,1992,7.901,0.2137,1.7026,0.9505,0.058184,0.06998,1.6454,-68.54,-46.75,0,0,38,0,0,0
2012-2019,UGA,XME,1992,7.901,1.3155,10.9525,0.9758,0.107878,0.00182,1.5188,-68.54,-77.43,0,0,68,0,0,0
2012-2019,UNG,URA,1992,7.901,3.0294,27.0422,1.0631,0.228181,0.00536,4.5565,-84.78,-81.43,1,197,131,1,0,0
2012-2019,UNG,USO,1992,7.901,2.5954,22.7597,1.0761,0.221605,0.06279,6.3285,-84.78,-81.05,1,190,125,1,0,0
2012-2019,UNG,WEAT,1992,7.901,2.5685,22.4992,1.0544,0.201155,0.02897,8.1005,-84.78,-80.75,1,193,118,1,1,0
2012-2019,UNG,XLE,1992,7.901,-1.7512,-12.9213,0.9469,0.177234,0.20756,0.886,-84.78,-46.75,1,184,92,1,0,0
2012-2019,UNG,XME,1992,7.901,1.0195,8.3879,0.9956,0.221652,0.13575,2.658,-84.78,-77.43,1,184,124,1,0,0
2012-2019,URA,USO,1992,7.901,1.1948,9.9002,1.0593,0.114637,0.05744,8.227,-81.43,-81.05,1,39,74,0,0,0
2012-2019,URA,WEAT,1992,7.901,1.6564,13.9816,1.0461,0.130871,0.02361,6.8348,-81.43,-80.75,1,53,84,0,0,0
2012-2019,URA,XLE,1992,7.901,-2.7845,-19.7481,1.1426,0.061982,0.2022,2.1517,-81.43,-46.75,1,37,46,0,0,0
2012-2019,URA,XME,1992,7.901,-0.6348,-4.8916,1.0235,0.076211,0.1304,1.3923,-81.43,-77.43,1,37,48,0,0,0
2012-2019,USO,WEAT,1992,7.901,1.7453,14.7852,1.0468,0.141994,0.03382,4.9362,-81.05,-80.75,1,29,93,0,1,1
2012-2019,USO,XLE,1992,7.901,-1.3187,-9.8947,1.0336,0.05008,0.14476,1.8985,-81.05,-46.75,1,6,36,0,0,0
2012-2019,USO,XME,1992,7.901,0.7279,5.9193,0.9946,0.100259,0.07296,0.1266,-81.05,-77.43,1,6,66,0,0,0
2012-2019,WEAT,XLE,1992,7.901,-1.7745,-13.0815,1.0109,0.090545,0.17859,3.4174,-80.75,-46.75,1,23,62,0,1,0
2012-2019,WEAT,XME,1992,7.901,0.4628,3.7242,0.9604,0.129698,0.10678,1.3923,-80.75,-77.43,1,23,77,0,0,0
2012-2019,XLE,XME,1992,7.901,0.1133,0.8994,1.0552,0.046692,0.0718,9.3661,-46.75,-77.43,0,0,34,0,0,0
2020-2026,BNO,CANE,1630,6.464,2.0481,14.1559,1.121,0.160352,0.04971,2.1657,-72.34,-41.73,0,0,81,0,1,1
2020-2026,BNO,COPX,1630,6.464,1.7315,11.843,0.9681,0.234557,0.11845,10.9834,-72.34,-53.26,0,0,93,0,0,0
2020-2026,BNO,CORN,1630,6.464,1.4431,9.7773,0.974,0.168853,0.08766,3.0939,-72.34,-45.19,0,0,69,0,1,1
2020-2026,BNO,CPER,1630,6.464,2.5539,17.9501,1.1183,0.183516,0.01187,3.7127,-72.34,-34.75,0,0,79,0,0,0
2020-2026,BNO,DBA,1630,6.464,1.9372,13.3406,1.0432,0.149244,0.01046,5.5691,-72.34,-20.39,0,0,66,0,1,1
2020-2026,BNO,DBB,1630,6.464,1.9473,13.4143,1.0015,0.155926,0.00762,3.7127,-72.34,-35.0,0,0,66,0,0,0
2020-2026,BNO,DBE,1630,6.464,0.42,2.7521,1.2195,0.028038,0.00958,2.7845,-72.34,-52.67,0,0,14,0,0,0
2020-2026,BNO,PALL,1630,6.464,1.1593,7.782,1.011,0.292542,0.1821,3.8674,-72.34,-73.63,0,0,119,0,0,0
2020-2026,BNO,PPLT,1630,6.464,2.6183,18.4421,0.9497,0.228967,0.03519,2.9392,-72.34,-43.59,0,0,85,0,0,0
2020-2026,BNO,SIL,1630,6.464,4.1254,30.5616,1.083,0.315193,0.04192,5.105,-72.34,-56.76,0,0,133,0,0,0
2020-2026,BNO,SLV,1630,6.464,2.87,20.385,1.0053,0.262839,0.07355,4.7956,-72.34,-50.97,0,0,105,0,0,0
2020-2026,BNO,SOYB,1630,6.464,1.7968,12.3165,0.9652,0.158446,0.03776,4.0221,-72.34,-31.01,0,0,67,0,1,1
2020-2026,BNO,UGA,1630,6.464,0.3121,2.0381,1.1031,0.05477,0.07441,5.7238,-72.34,-73.39,0,0,25,0,0,0
2020-2026,BNO,UNG,1630,6.464,-3.6775,-21.158,0.9517,0.472876,0.37412,0.7735,-72.34,-92.49,1,703,185,1,0,0
2020-2026,BNO,URA,1630,6.464,1.5263,10.3694,0.9136,0.275516,0.14409,14.0773,-72.34,-37.9,0,0,105,0,0,0
2020-2026,BNO,USO,1630,6.464,-0.5114,-3.2516,0.9665,0.018798,0.09636,6.1878,-72.34,-83.84,1,12,9,0,0,0
2020-2026,BNO,WEAT,1630,6.464,0.701,4.6359,0.9627,0.20157,0.14882,2.9392,-72.34,-67.83,0,0,78,0,1,1
2020-2026,BNO,XLE,1630,6.464,1.1355,7.6161,0.8508,0.112057,0.02641,8.8177,-72.34,-60.6,0,0,42,0,0,0
2020-2026,BNO,XME,1630,6.464,1.729,11.8252,1.0114,0.208767,0.10718,10.0552,-72.34,-50.65,0,0,93,0,0,0
2020-2026,CANE,COPX,1630,6.464,-0.0865,-0.5578,0.9717,0.172389,0.16815,5.105,-41.73,-53.26,0,0,84,0,0,0
2020-2026,CANE,CORN,1630,6.464,0.8896,5.9192,1.1246,0.071539,0.03795,2.3204,-41.73,-45.19,0,0,44,0,0,0
2020-2026,CANE,CPER,1630,6.464,0.9246,6.159,0.9898,0.099327,0.06158,4.7956,-41.73,-34.75,0,0,51,0,0,0
2020-2026,CANE,DBA,1630,6.464,0.4474,2.9345,1.1254,0.040631,0.03925,7.116,-41.73,-20.39,0,0,25,0,0,0
2020-2026,CANE,DBB,1630,6.464,0.8489,5.6412,1.1162,0.071071,0.04209,5.5691,-41.73,-35.0,0,0,43,0,0,0
2020-2026,CANE,DBE,1630,6.464,1.1027,7.3883,1.0,0.110799,0.05928,3.4033,-41.73,-52.67,0,0,57,0,1,0
2020-2026,CANE,PALL,1630,6.464,1.144,7.6755,0.975,0.206698,0.1324,2.011,-41.73,-73.63,0,0,89,0,0,0
2020-2026,CANE,PPLT,1630,6.464,1.3987,9.4627,0.8136,0.139205,0.01452,4.9503,-41.73,-43.59,0,0,56,0,0,0
2020-2026,CANE,SIL,1630,6.464,2.4269,16.9854,1.1457,0.216149,0.09162,4.6409,-41.73,-56.76,0,0,109,0,0,0
2020-2026,CANE,SLV,1630,6.464,0.6727,4.4443,0.8959,0.1669,0.12326,2.3204,-41.73,-50.97,0,0,67,0,0,0
2020-2026,CANE,SOYB,1630,6.464,0.6654,4.3952,0.8796,0.061567,0.01195,4.4862,-41.73,-31.01,0,0,31,0,0,0
2020-2026,CANE,UGA,1630,6.464,0.8796,5.8505,0.9655,0.173365,0.12411,5.4144,-41.73,-73.39,0,0,75,0,1,0
2020-2026,CANE,UNG,1630,6.464,-1.7618,-10.7641,1.0525,0.420202,0.32441,1.0829,-41.73,-92.49,1,703,180,1,1,0
2020-2026,CANE,URA,1630,6.464,-0.2509,-1.609,1.0235,0.203535,0.19379,9.7459,-41.73,-37.9,0,0,96,0,0,0
2020-2026,CANE,USO,1630,6.464,2.4675,17.2935,1.1324,0.186697,0.04666,4.0221,-41.73,-83.84,1,12,78,0,1,1
2020-2026,CANE,WEAT,1630,6.464,0.3672,2.402,0.8651,0.106141,0.09912,0.1547,-41.73,-67.83,0,0,48,0,0,0
2020-2026,CANE,XLE,1630,6.464,1.2484,8.4046,1.0666,0.128398,0.07611,3.7127,-41.73,-60.6,0,0,65,0,1,0
2020-2026,CANE,XME,1630,6.464,-0.0163,-0.1054,0.9897,0.15299,0.15689,10.9834,-41.73,-50.65,0,0,81,0,0,0
2020-2026,COPX,CORN,1630,6.464,-0.9121,-5.7259,1.0312,0.177892,0.2061,4.7956,-53.26,-45.19,0,0,91,0,0,0
2020-2026,COPX,CPER,1630,6.464,-0.2486,-1.5942,0.6811,0.076541,0.10658,6.9613,-53.26,-34.75,0,0,27,0,0,0
2020-2026,COPX,DBA,1630,6.464,0.5305,3.4889,1.0207,0.143902,0.1289,10.9834,-53.26,-20.39,0,0,73,0,0,0
2020-2026,COPX,DBB,1630,6.464,-0.1956,-1.2567,0.8924,0.094537,0.12607,6.3425,-53.26,-35.0,0,0,45,0,0,0
2020-2026,COPX,DBE,1630,6.464,1.4,9.4719,1.0117,0.184916,0.10887,8.1989,-53.26,-52.67,0,0,85,0,0,0
2020-2026,COPX,PALL,1630,6.464,-3.9585,-22.5773,1.0568,0.183034,0.30055,0.4641,-53.26,-73.63,0,0,91,0,0,0
2020-2026,COPX,PPLT,1630,6.464,-0.446,-2.8416,0.9118,0.121752,0.15364,7.5801,-53.26,-43.59,0,0,59,0,0,0
2020-2026,COPX,SIL,1630,6.464,1.1528,7.7365,0.9434,0.137481,0.07653,3.558,-53.26,-56.76,0,0,49,0,0,0
2020-2026,COPX,SLV,1630,6.464,1.0616,7.1033,0.7514,0.130306,0.0449,6.9613,-53.26,-50.97,0,0,46,0,0,0
2020-2026,COPX,SOYB,1630,6.464,-0.1011,-0.6514,0.913,0.157026,0.1562,5.105,-53.26,-31.01,0,0,73,0,0,0
2020-2026,COPX,UGA,1630,6.464,2.4289,17.0011,0.9157,0.225842,0.04404,6.9613,-53.26,-73.39,0,0,96,0,0,0
2020-2026,COPX,UNG,1630,6.464,-8.0459,-40.5545,1.0259,0.505893,0.49257,2.3204,-53.26,-92.49,1,703,202,1,0,0
2020-2026,COPX,URA,1630,6.464,1.6625,11.3454,1.0604,0.129423,0.02564,7.7348,-53.26,-37.9,0,0,66,0,0,0
2020-2026,COPX,USO,1630,6.464,-0.5354,-3.4015,0.9294,0.251962,0.21481,11.9116,-53.26,-83.84,1,12,96,0,0,0
2020-2026,COPX,WEAT,1630,6.464,-2.5563,-15.2318,0.9483,0.220565,0.26727,3.8674,-53.26,-67.83,0,0,97,0,0,0
2020-2026,COPX,XLE,1630,6.464,0.8557,5.6876,0.9284,0.131875,0.09204,2.9392,-53.26,-60.6,0,0,63,0,0,0
2020-2026,COPX,XME,1630,6.464,0.5805,3.8237,0.7446,0.063472,0.01127,10.9834,-53.26,-50.65,0,0,26,0,0,0
2020-2026,CORN,CPER,1630,6.464,0.2559,1.6678,0.8472,0.098475,0.09953,4.7956,-45.19,-34.75,0,0,42,0,0,0
2020-2026,CORN,DBA,1630,6.464,-0.136,-0.8752,0.9114,0.029905,0.0772,2.9392,-45.19,-20.39,0,0,15,0,0,0
2020-2026,CORN,DBB,1630,6.464,0.32,2.0904,0.967,0.068834,0.08004,6.6519,-45.19,-35.0,0,0,37,0,0,0
2020-2026,CORN,DBE,1630,6.464,0.303,1.9777,0.7682,0.10983,0.09723,3.7127,-45.19,-52.67,0,0,43,0,1,0
2020-2026,CORN,PALL,1630,6.464,1.8705,12.8527,0.9967,0.207107,0.09444,6.6519,-45.19,-73.63,0,0,89,0,0,0
2020-2026,CORN,PPLT,1630,6.464,1.3429,9.0686,0.8718,0.143546,0.05247,3.4033,-45.19,-43.59,0,0,56,0,0,0
2020-2026,CORN,SIL,1630,6.464,1.4983,10.17,1.0222,0.220464,0.12957,5.5691,-45.19,-56.76,0,0,96,0,0,0
2020-2026,CORN,SLV,1630,6.464,0.1426,0.9261,1.0096,0.170675,0.16121,2.6298,-45.19,-50.97,0,0,75,0,0,0
2020-2026,CORN,SOYB,1630,6.464,0.0638,0.4133,0.8513,0.024822,0.0499,3.558,-45.19,-31.01,0,0,12,0,0,0
2020-2026,CORN,UGA,1630,6.464,0.0315,0.204,0.9138,0.180638,0.16206,2.6298,-45.19,-73.39,0,0,69,0,1,0
2020-2026,CORN,UNG,1630,6.464,-0.7739,-4.8797,1.0355,0.392629,0.28646,0.4641,-45.19,-92.49,1,703,165,1,1,0
2020-2026,CORN,URA,1630,6.464,-1.4455,-8.9206,0.9843,0.206475,0.23174,2.9392,-45.19,-37.9,0,0,97,0,0,0
2020-2026,CORN,USO,1630,6.464,2.4819,17.402,1.0359,0.192145,0.0087,4.6409,-45.19,-83.84,1,12,72,0,1,1
2020-2026,CORN,WEAT,1630,6.464,0.1439,0.9345,0.6919,0.051368,0.06117,1.7017,-45.19,-67.83,0,0,17,0,0,0
2020-2026,CORN,XLE,1630,6.464,0.5833,3.8429,0.9512,0.135543,0.11406,1.3923,-45.19,-60.6,0,0,57,0,1,0
2020-2026,CORN,XME,1630,6.464,-1.0695,-6.68,0.941,0.154252,0.19484,0.1547,-45.19,-50.65,0,0,69,0,0,0
2020-2026,CPER,DBA,1630,6.464,0.7297,4.8302,0.8786,0.070106,0.02233,3.8674,-34.75,-20.39,0,0,32,0,0,0
2020-2026,CPER,DBB,1630,6.464,0.1742,1.1322,0.584,0.028058,0.01949,11.6022,-34.75,-35.0,0,0,9,0,0,0
2020-2026,CPER,DBE,1630,6.464,1.477,10.0187,0.9387,0.12591,0.00229,6.8066,-34.75,-52.67,0,0,54,0,0,0
2020-2026,CPER,PALL,1630,6.464,-0.7293,-4.6048,0.9996,0.1705,0.19397,2.011,-34.75,-73.63,0,0,77,0,0,0
2020-2026,CPER,PPLT,1630,6.464,0.8881,5.9086,0.8669,0.098407,0.04706,6.0331,-34.75,-43.59,0,0,42,0,0,0
2020-2026,CPER,SIL,1630,6.464,1.7155,11.7278,0.9245,0.154751,0.03004,5.2597,-34.75,-56.76,0,0,61,0,0,0
2020-2026,CPER,SLV,1630,6.464,1.0558,7.063,0.9329,0.116723,0.06168,9.1271,-34.75,-50.97,0,0,48,0,0,0
2020-2026,CPER,SOYB,1630,6.464,0.5932,3.9089,0.7894,0.080192,0.04963,6.4972,-34.75,-31.01,0,0,31,0,0,0
2020-2026,CPER,UGA,1630,6.464,2.1858,15.1767,1.0565,0.189285,0.06254,4.4862,-34.75,-73.39,0,0,79,0,0,0
2020-2026,CPER,UNG,1630,6.464,-4.255,-24.0472,1.0307,0.430595,0.38599,3.558,-34.75,-92.49,1,703,177,1,0,0
2020-2026,CPER,URA,1630,6.464,0.6996,4.6263,1.0382,0.159592,0.13222,4.7956,-34.75,-37.9,0,0,73,0,0,0
2020-2026,CPER,USO,1630,6.464,1.7398,11.9033,1.0529,0.202692,0.10823,3.0939,-34.75,-83.84,1,12,78,0,0,0
2020-2026,CPER,WEAT,1630,6.464,-0.5321,-3.3814,0.8533,0.137519,0.16069,3.558,-34.75,-67.83,0,0,54,0,0,0
2020-2026,CPER,XLE,1630,6.464,1.4744,9.9996,0.9667,0.123427,0.01453,1.8564,-34.75,-60.6,0,0,56,0,0,0
2020-2026,CPER,XME,1630,6.464,0.2621,1.7089,0.7997,0.098525,0.09531,3.558,-34.75,-50.65,0,0,39,0,0,0
2020-2026,DBA,DBB,1630,6.464,0.5102,3.353,0.9452,0.043235,0.00284,7.5801,-20.39,-35.0,0,0,24,0,0,0
2020-2026,DBA,DBE,1630,6.464,1.0556,7.0617,0.9741,0.089351,0.02003,5.5691,-20.39,-52.67,0,0,41,0,1,0
2020-2026,DBA,PALL,1630,6.464,-0.0184,-0.1191,0.9816,0.183318,0.17165,1.7017,-20.39,-73.63,0,0,79,0,0,0
2020-2026,DBA,PPLT,1630,6.464,1.2648,8.5194,0.9285,0.113226,0.02473,5.8785,-20.39,-43.59,0,0,51,0,0,0
2020-2026,DBA,SIL,1630,6.464,2.294,15.9847,1.0832,0.18572,0.05237,2.7845,-20.39,-56.76,0,0,91,0,0,0
2020-2026,DBA,SLV,1630,6.464,1.1309,7.5845,0.9713,0.139546,0.08401,4.4862,-20.39,-50.97,0,0,63,0,0,0
2020-2026,DBA,SOYB,1630,6.464,0.2694,1.757,1.1045,0.023871,0.0273,4.0221,-20.39,-31.01,0,0,16,0,0,0
2020-2026,DBA,UGA,1630,6.464,1.2051,8.1016,0.8838,0.161115,0.08486,5.4144,-20.39,-73.39,0,0,57,0,1,0
2020-2026,DBA,UNG,1630,6.464,-3.6681,-21.1099,1.0932,0.380574,0.36366,1.0829,-20.39,-92.49,1,703,168,1,1,0
2020-2026,DBA,URA,1630,6.464,0.6507,4.296,1.1509,0.174143,0.15454,8.1989,-20.39,-37.9,0,0,98,0,0,0
2020-2026,DBA,USO,1630,6.464,1.7919,12.2809,1.1029,0.172694,0.08591,5.8785,-20.39,-83.84,1,12,69,0,1,1
2020-2026,DBA,WEAT,1630,6.464,-0.7749,-4.886,0.9407,0.061494,0.13837,0.4641,-20.39,-67.83,0,0,30,0,0,0
2020-2026,DBA,XLE,1630,6.464,1.1254,7.546,0.9131,0.108197,0.03686,5.7238,-20.39,-60.6,0,0,45,0,1,0
2020-2026,DBA,XME,1630,6.464,0.3573,2.3364,0.9399,0.123373,0.11764,14.0773,-20.39,-50.65,0,0,56,0,0,0
2020-2026,DBB,DBE,1630,6.464,1.2772,8.6064,1.0589,0.098299,0.0172,5.8785,-35.0,-52.67,0,0,50,0,0,0
2020-2026,DBB,PALL,1630,6.464,-0.2219,-1.4242,1.0537,0.160779,0.17448,2.011,-35.0,-73.63,0,0,74,0,0,0
2020-2026,DBB,PPLT,1630,6.464,0.8818,5.8659,0.8044,0.0938,0.02757,1.8564,-35.0,-43.59,0,0,37,0,0,0
2020-2026,DBB,SIL,1630,6.464,1.4921,10.1257,0.8752,0.154438,0.04954,3.4033,-35.0,-56.76,0,0,62,0,0,0
2020-2026,DBB,SLV,1630,6.464,0.862,5.7303,0.986,0.112643,0.08117,7.2707,-35.0,-50.97,0,0,51,0,0,0
2020-2026,DBB,SOYB,1630,6.464,0.3773,2.4688,0.685,0.052622,0.03014,9.9006,-35.0,-31.01,0,0,21,0,0,0
2020-2026,DBB,UGA,1630,6.464,1.6005,10.9,1.0311,0.165877,0.08203,2.011,-35.0,-73.39,0,0,71,0,0,0
2020-2026,DBB,UNG,1630,6.464,-3.6129,-20.8279,1.0678,0.402528,0.3665,3.8674,-35.0,-92.49,1,703,162,1,0,0
2020-2026,DBB,URA,1630,6.464,-0.0464,-0.2998,0.8904,0.156619,0.15171,5.7238,-35.0,-37.9,0,0,62,0,0,0
2020-2026,DBB,USO,1630,6.464,1.6019,10.9101,1.0037,0.177715,0.08874,4.3315,-35.0,-83.84,1,12,73,0,0,0
2020-2026,DBB,WEAT,1630,6.464,-0.4365,-2.7825,0.8652,0.103697,0.1412,2.011,-35.0,-67.83,0,0,46,0,0,0
2020-2026,DBB,XLE,1630,6.464,1.2186,8.1958,0.9598,0.109346,0.03402,1.3923,-35.0,-60.6,0,0,48,0,0,0
2020-2026,DBB,XME,1630,6.464,-0.0044,-0.0288,0.8489,0.097714,0.1148,4.7956,-35.0,-50.65,0,0,41,0,0,0
2020-2026,DBE,PALL,1630,6.464,0.087,0.5638,0.9697,0.23787,0.19168,4.7956,-52.67,-73.63,0,0,98,0,0,0
2020-2026,DBE,PPLT,1630,6.464,1.6515,11.2665,0.8364,0.173407,0.04476,4.1768,-52.67,-43.59,0,0,65,0,0,0
2020-2026,DBE,SIL,1630,6.464,3.5939,26.1523,1.1581,0.254089,0.03234,2.1657,-52.67,-56.76,0,0,124,0,0,0
2020-2026,DBE,SLV,1630,6.464,2.1999,15.2818,0.9829,0.205781,0.06397,3.2486,-52.67,-50.97,0,0,86,0,0,0
2020-2026,DBE,SOYB,1630,6.464,0.8942,5.9507,0.8742,0.098335,0.04733,5.5691,-52.67,-31.01,0,0,44,0,1,0
2020-2026,DBE,UGA,1630,6.464,0.3347,2.1869,1.0662,0.05041,0.06483,2.011,-52.67,-73.39,0,0,23,0,0,0
2020-2026,DBE,UNG,1630,6.464,-4.775,-26.5579,1.0606,0.371936,0.3837,1.0829,-52.67,-92.49,1,703,167,1,0,0
2020-2026,DBE,URA,1630,6.464,1.2053,8.1029,0.9455,0.221975,0.13451,6.6519,-52.67,-37.9,0,0,92,0,0,0
2020-2026,DBE,USO,1630,6.464,-0.2348,-1.5061,1.2032,0.043545,0.10594,3.0939,-52.67,-83.84,1,12,19,0,0,0
2020-2026,DBE,WEAT,1630,6.464,-0.2296,-1.4731,0.9637,0.142365,0.1584,4.1768,-52.67,-67.83,0,0,64,0,1,0
2020-2026,DBE,XLE,1630,6.464,0.8186,5.4342,0.8318,0.080927,0.01683,3.558,-52.67,-60.6,0,0,37,0,0,0
2020-2026,DBE,XME,1630,6.464,1.1592,7.7812,0.9905,0.154794,0.0976,8.1989,-52.67,-50.65,0,0,74,0,0,0
2020-2026,PALL,PPLT,1630,6.464,-0.3002,-1.9221,0.9517,0.116161,0.14691,1.3923,-73.63,-43.59,0,0,52,0,0,0
2020-2026,PALL,SIL,1630,6.464,-1.4152,-8.7422,0.9486,0.196357,0.22402,1.0829,-73.63,-56.76,0,0,85,0,0,0
2020-2026,PALL,SLV,1630,6.464,-3.0207,-17.7383,0.8678,0.161351,0.25565,1.7017,-73.63,-50.97,0,0,63,0,0,0
2020-2026,PALL,SOYB,1630,6.464,0.7879,5.225,0.9944,0.194188,0.14434,3.8674,-73.63,-31.01,0,0,89,0,0,0
2020-2026,PALL,UGA,1630,6.464,-1.1239,-7.0079,1.0361,0.283852,0.25651,3.2486,-73.63,-73.39,0,0,121,0,0,0
2020-2026,PALL,UNG,1630,6.464,4.5588,34.2719,1.0626,0.554444,0.19202,6.6519,-73.63,-92.49,1,703,215,1,0,0
2020-2026,PALL,URA,1630,6.464,-4.2884,-24.211,0.9898,0.248204,0.32619,0.4641,-73.63,-37.9,0,0,109,0,0,0
2020-2026,PALL,USO,1630,6.464,3.5102,25.4719,1.049,0.312429,0.08574,4.9503,-73.63,-83.84,1,12,125,0,0,0
2020-2026,PALL,WEAT,1630,6.464,2.6139,18.4085,0.8751,0.247112,0.03328,5.5691,-73.63,-67.83,0,0,91,0,0,0
2020-2026,PALL,XLE,1630,6.464,-0.0553,-0.3571,1.1078,0.232525,0.20851,1.3923,-73.63,-60.6,0,0,111,0,0,0
2020-2026,PALL,XME,1630,6.464,-3.7392,-21.472,0.9477,0.187374,0.28928,1.3923,-73.63,-50.65,0,0,84,0,0,0
2020-2026,PPLT,SIL,1630,6.464,1.023,6.8367,0.9593,0.124964,0.0771,5.4144,-43.59,-56.76,0,0,56,0,0,0
2020-2026,PPLT,SLV,1630,6.464,-0.2795,-1.7906,0.7029,0.074756,0.10874,3.2486,-43.59,-50.97,0,0,29,0,0,0
2020-2026,PPLT,SOYB,1630,6.464,1.3819,9.3441,0.8627,0.128203,0.00257,3.0939,-43.59,-31.01,0,0,51,0,0,0
2020-2026,PPLT,UGA,1630,6.464,1.6622,11.3437,0.9127,0.229042,0.10959,2.3204,-43.59,-73.39,0,0,86,0,0,0
2020-2026,PPLT,UNG,1630,6.464,-1.1369,-7.0857,1.1225,0.479383,0.33893,3.558,-43.59,-92.49,1,703,207,1,0,0
2020-2026,PPLT,URA,1630,6.464,-0.6891,-4.3568,0.7899,0.179712,0.17927,5.7238,-43.59,-37.9,0,0,67,0,0,0
2020-2026,PPLT,USO,1630,6.464,2.7062,19.1172,0.9455,0.254385,0.06117,3.0939,-43.59,-83.84,1,12,88,0,0,0
2020-2026,PPLT,WEAT,1630,6.464,1.0091,6.7407,0.8796,0.184624,0.11364,6.3425,-43.59,-67.83,0,0,72,0,0,0
2020-2026,PPLT,XLE,1630,6.464,1.6845,11.504,0.9389,0.169478,0.06159,2.011,-43.59,-60.6,0,0,71,0,0,0
2020-2026,PPLT,XME,1630,6.464,-0.209,-1.3419,0.8746,0.125693,0.14237,2.6298,-43.59,-50.65,0,0,51,0,0,0
2020-2026,SIL,SLV,1630,6.464,0.7659,5.0753,0.8439,0.080254,0.03163,5.5691,-56.76,-50.97,0,0,31,0,0,0
2020-2026,SIL,SOYB,1630,6.464,1.8974,13.0492,0.9517,0.202133,0.07967,4.6409,-56.76,-31.01,0,0,88,0,0,0
2020-2026,SIL,UGA,1630,6.464,4.0693,30.0891,1.0478,0.317191,0.03249,2.4751,-56.76,-73.39,0,0,130,0,0,0
2020-2026,SIL,UNG,1630,6.464,-3.5065,-20.2816,1.0836,0.560264,0.41603,2.011,-56.76,-92.49,1,703,229,1,0,0
2020-2026,SIL,URA,1630,6.464,1.5549,10.5737,1.026,0.18584,0.10217,6.8066,-56.76,-37.9,0,0,86,0,0,0
2020-2026,SIL,USO,1630,6.464,3.1336,22.454,1.1044,0.335357,0.13828,3.8674,-56.76,-83.84,1,12,136,0,0,0
2020-2026,SIL,WEAT,1630,6.464,-0.023,-0.1488,0.8691,0.252893,0.19074,3.8674,-56.76,-67.83,0,0,96,0,0,0
2020-2026,SIL,XLE,1630,6.464,2.9855,21.2875,1.0082,0.238441,0.01551,1.8564,-56.76,-60.6,0,0,98,0,0,0
2020-2026,SIL,XME,1630,6.464,1.3507,9.124,1.0593,0.127808,0.06527,5.105,-56.76,-50.65,0,0,60,0,0,0
2020-2026,SLV,SOYB,1630,6.464,1.0903,7.3022,1.0759,0.15395,0.11131,4.1768,-50.97,-31.01,0,0,74,0,0,0
2020-2026,SLV,UGA,1630,6.464,3.5099,25.4693,1.0493,0.267613,0.00086,4.6409,-50.97,-73.39,0,0,116,0,0,0
2020-2026,SLV,UNG,1630,6.464,-5.3719,-29.3376,1.1124,0.512211,0.44767,3.8674,-50.97,-92.49,1,703,210,1,0,0
2020-2026,SLV,URA,1630,6.464,1.8062,12.385,0.912,0.193399,0.07054,4.7956,-50.97,-37.9,0,0,79,0,0,0
2020-2026,SLV,USO,1630,6.464,1.3677,9.244,1.0143,0.283291,0.16991,3.558,-50.97,-83.84,1,12,111,0,0,0
2020-2026,SLV,WEAT,1630,6.464,-1.1135,-6.9449,1.0011,0.206111,0.22237,2.9392,-50.97,-67.83,0,0,85,0,0,0
2020-2026,SLV,XLE,1630,6.464,2.3473,16.3855,0.9708,0.208184,0.04714,2.3204,-50.97,-60.6,0,0,85,0,0,0
2020-2026,SLV,XME,1630,6.464,1.4889,10.1031,0.904,0.139836,0.03363,6.6519,-50.97,-50.65,0,0,59,0,0,0
2020-2026,SOYB,UGA,1630,6.464,0.9867,6.5862,0.9422,0.168266,0.11216,5.4144,-31.01,-73.39,0,0,65,0,1,0
2020-2026,SOYB,UNG,1630,6.464,-2.7581,-16.3301,1.0316,0.387959,0.33636,0.7735,-31.01,-92.49,1,703,149,1,1,0
2020-2026,SOYB,URA,1630,6.464,-0.0969,-0.6242,1.0272,0.189576,0.18184,2.011,-31.01,-37.9,0,0,89,0,0,0
2020-2026,SOYB,USO,1630,6.464,2.0521,14.1854,1.0166,0.183198,0.05861,6.8066,-31.01,-83.84,1,12,68,0,1,1
2020-2026,SOYB,WEAT,1630,6.464,-0.1681,-1.0806,0.9163,0.070544,0.11107,1.7017,-31.01,-67.83,0,0,32,0,0,0
2020-2026,SOYB,XLE,1630,6.464,1.0644,7.1226,0.9269,0.120366,0.06416,4.6409,-31.01,-60.6,0,0,50,0,1,0
2020-2026,SOYB,XME,1630,6.464,0.057,0.3694,0.9907,0.136937,0.14494,2.9392,-31.01,-50.65,0,0,67,0,0,0
2020-2026,UGA,UNG,1630,6.464,-6.4237,-33.9822,1.0037,0.48693,0.44852,0.4641,-73.39,-92.49,1,703,183,1,0,0
2020-2026,UGA,URA,1630,6.464,3.0708,21.958,0.9936,0.278574,0.06968,8.5083,-73.39,-37.9,0,0,122,0,0,0
2020-2026,UGA,USO,1630,6.464,-1.1876,-7.3899,1.1103,0.07623,0.17077,1.7017,-73.39,-83.84,1,12,31,0,0,0
2020-2026,UGA,WEAT,1630,6.464,-1.0231,-6.3998,0.983,0.219419,0.22323,0.7735,-73.39,-67.83,0,0,83,0,1,0
2020-2026,UGA,XLE,1630,6.464,0.9546,6.365,0.798,0.11429,0.048,13.1492,-73.39,-60.6,0,0,41,0,0,0
2020-2026,UGA,XME,1630,6.464,2.4322,17.0259,0.9771,0.20624,0.03278,6.9613,-73.39,-50.65,0,0,90,0,0,0
2020-2026,UNG,URA,1630,6.464,-8.8829,-43.6855,1.0594,0.516368,0.51821,2.011,-92.49,-37.9,1,703,204,1,0,0
2020-2026,UNG,USO,1630,6.464,0.9864,6.5843,1.0533,0.495799,0.27776,2.011,-92.49,-83.84,1,715,198,1,0,0
2020-2026,UNG,WEAT,1630,6.464,1.3114,8.8473,0.9578,0.42551,0.2253,1.0829,-92.49,-67.83,1,703,160,1,1,0
2020-2026,UNG,XLE,1630,6.464,-5.3024,-29.0195,0.9575,0.427887,0.40052,0.4641,-92.49,-60.6,1,703,171,1,0,0
2020-2026,UNG,XME,1630,6.464,-7.93,-40.1076,1.0511,0.463254,0.4813,2.3204,-92.49,-50.65,1,703,197,1,0,0
2020-2026,URA,USO,1630,6.464,-0.7107,-4.4901,0.9618,0.295677,0.24045,10.0552,-37.9,-83.84,1,12,114,0,0,0
2020-2026,URA,WEAT,1630,6.464,-3.0288,-17.7817,0.996,0.246062,0.29291,0.1547,-37.9,-67.83,0,0,110,0,0,0
2020-2026,URA,XLE,1630,6.464,1.0766,7.2076,0.961,0.180623,0.11768,9.4365,-37.9,-60.6,0,0,79,0,0,0
2020-2026,URA,XME,1630,6.464,0.9065,6.035,0.7413,0.109671,0.03691,9.5912,-37.9,-50.65,0,0,43,0,0,0
2020-2026,USO,WEAT,1630,6.464,2.5041,17.5707,0.9738,0.223904,0.05246,2.4751,-83.84,-67.83,1,12,81,0,1,1
2020-2026,USO,XLE,1630,6.464,0.2166,1.4098,0.877,0.128054,0.12277,5.2597,-83.84,-60.6,1,12,43,0,0,0
2020-2026,USO,XME,1630,6.464,-0.1584,-1.0189,1.0654,0.223201,0.20354,15.0055,-83.84,-50.65,1,12,94,0,0,0
2020-2026,WEAT,XLE,1630,6.464,-0.2358,-1.5128,0.9742,0.174335,0.17523,1.7017,-67.83,-60.6,0,0,74,0,1,0
2020-2026,WEAT,XME,1630,6.464,-2.576,-15.3395,0.9172,0.192502,0.256,0.7735,-67.83,-50.65,0,0,83,0,0,0
2020-2026,XLE,XME,1630,6.464,0.7264,4.8077,1.0857,0.091945,0.08078,2.011,-60.6,-50.65,0,0,53,0,0,0
